-- --------------------------------------------------------
-- Host:                         127.0.0.1
-- Server version:               5.5.27-log - MySQL Community Server (GPL)
-- Server OS:                    Win32
-- HeidiSQL version:             7.0.0.4053
-- Date/time:                    2013-05-29 23:05:07
-- --------------------------------------------------------

/*!40101 SET @OLD_CHARACTER_SET_CLIENT=@@CHARACTER_SET_CLIENT */;
/*!40101 SET NAMES utf8 */;
/*!40014 SET FOREIGN_KEY_CHECKS=0 */;

-- Dumping database structure for invt_mb
CREATE DATABASE IF NOT EXISTS `invt_mb` /*!40100 DEFAULT CHARACTER SET utf8 */;
USE `invt_mb`;


-- Dumping structure for table invt_mb.categoria_productos
CREATE TABLE IF NOT EXISTS `categoria_productos` (
  `id` int(10) NOT NULL AUTO_INCREMENT,
  `categoria_descrip` varchar(200) DEFAULT NULL,
  `tag_categdescrip` varchar(200) DEFAULT NULL,
  `unidad_medida_id` int(11) NOT NULL,
  `observa_categdescrip` varchar(200) DEFAULT NULL,
  PRIMARY KEY (`id`),
  KEY `FK1unidad` (`unidad_medida_id`),
  CONSTRAINT `FK1unidad` FOREIGN KEY (`unidad_medida_id`) REFERENCES `unidadesmedida` (`id`)
) ENGINE=InnoDB DEFAULT CHARSET=utf8 COMMENT='tabla de categorizacion de productos';

-- Dumping data for table invt_mb.categoria_productos: ~0 rows (approximately)
DELETE FROM `categoria_productos`;
/*!40000 ALTER TABLE `categoria_productos` DISABLE KEYS */;
/*!40000 ALTER TABLE `categoria_productos` ENABLE KEYS */;


-- Dumping structure for table invt_mb.clientes
CREATE TABLE IF NOT EXISTS `clientes` (
  `id` int(10) NOT NULL AUTO_INCREMENT,
  `prinombre` varchar(100) NOT NULL,
  `demasnombres` varchar(100) DEFAULT NULL,
  `priapellido` varchar(100) NOT NULL,
  `segapellido` varchar(100) DEFAULT NULL,
  `tipo_documento` varchar(100) NOT NULL,
  `num_documento` varchar(100) DEFAULT NULL,
  `lugar_nacimiento` int(11) NOT NULL,
  `fecha_nacimiento` date DEFAULT NULL,
  `lugar_residencia` int(11) DEFAULT NULL,
  `direccion_residencia` varchar(200) DEFAULT NULL,
  `telfijo_cliente_1` varchar(15) DEFAULT NULL,
  `telfijo_cliente_2` varchar(15) DEFAULT NULL,
  `telfijo_cliente_3` varchar(15) DEFAULT NULL,
  `celular_cliente_1` varchar(15) DEFAULT NULL,
  `celular_cliente_2` varchar(15) DEFAULT NULL,
  `celular_cliente_3` varchar(15) DEFAULT NULL,
  `email_cliente_1` varchar(150) DEFAULT NULL,
  `email_cliente_2` varchar(150) DEFAULT NULL,
  `email_cliente_3` varchar(150) DEFAULT NULL,
  PRIMARY KEY (`id`)
) ENGINE=InnoDB DEFAULT CHARSET=utf8 ROW_FORMAT=COMPACT COMMENT='tabla de clientes de MediBiologica';

-- Dumping data for table invt_mb.clientes: ~0 rows (approximately)
DELETE FROM `clientes`;
/*!40000 ALTER TABLE `clientes` DISABLE KEYS */;
/*!40000 ALTER TABLE `clientes` ENABLE KEYS */;


-- Dumping structure for table invt_mb.company
CREATE TABLE IF NOT EXISTS `company` (
  `id` int(10) NOT NULL AUTO_INCREMENT,
  `razon_social` varchar(200) DEFAULT NULL,
  `nombre` varchar(200) DEFAULT NULL,
  `nit` varchar(11) DEFAULT NULL,
  `slogan` varchar(200) DEFAULT NULL,
  `aprobacion_minsalud` varchar(200) DEFAULT NULL,
  `aprobacion_invima` varchar(200) DEFAULT NULL,
  `resolucion_alcaldia` varchar(200) DEFAULT NULL,
  `resolucion_gobernacion` varchar(200) DEFAULT NULL,
  `resolucion_distrito` varchar(200) DEFAULT NULL,
  `direccion_1` varchar(200) DEFAULT NULL,
  `direccion_2` varchar(200) DEFAULT NULL,
  `direccion_3` varchar(200) DEFAULT NULL,
  `telfijo_1` varchar(15) DEFAULT NULL,
  `telfijo_2` varchar(15) DEFAULT NULL,
  `telfijo_3` varchar(15) DEFAULT NULL,
  `celular_1` varchar(15) DEFAULT NULL,
  `celular_2` varchar(15) DEFAULT NULL,
  `celular_3` varchar(15) DEFAULT NULL,
  `representante legal` varchar(150) DEFAULT NULL,
  PRIMARY KEY (`id`)
) ENGINE=InnoDB DEFAULT CHARSET=utf8 COMMENT='List of company';

-- Dumping data for table invt_mb.company: ~0 rows (approximately)
DELETE FROM `company`;
/*!40000 ALTER TABLE `company` DISABLE KEYS */;
/*!40000 ALTER TABLE `company` ENABLE KEYS */;


-- Dumping structure for table invt_mb.depto_dame
CREATE TABLE IF NOT EXISTS `depto_dame` (
  `id` int(10) NOT NULL AUTO_INCREMENT,
  `departamentoId` varchar(4) DEFAULT NULL,
  `departamento` varchar(100) DEFAULT NULL,
  `zonaId` varchar(100) DEFAULT NULL,
  `dept_fonetico` varchar(100) DEFAULT NULL,
  PRIMARY KEY (`id`)
) ENGINE=InnoDB AUTO_INCREMENT=1288 DEFAULT CHARSET=utf8 COMMENT='tabla de departamentos del DANE';

-- Dumping data for table invt_mb.depto_dame: ~33 rows (approximately)
DELETE FROM `depto_dame`;
/*!40000 ALTER TABLE `depto_dame` DISABLE KEYS */;
INSERT INTO `depto_dame` (`id`, `departamentoId`, `departamento`, `zonaId`, `dept_fonetico`) VALUES
	(1255, '05', 'Antioquia', '2', 'Antioquia'),
	(1256, '08', 'Atlántico', '4', 'Atlantiso'),
	(1257, '11', 'Bogotá', '2', 'vojota'),
	(1258, '13', 'Bolívar', '4', 'volivar'),
	(1259, '15', 'Boyacá', '2', 'voiasa'),
	(1260, '17', 'Caldas', '2', 'saldas'),
	(1261, '18', 'Caquetá', '1', 'saqueta'),
	(1262, '19', 'Cauca', '6', 'sausa'),
	(1263, '20', 'Cesar', '4', 'sesar'),
	(1264, '23', 'Córdoba', '4', 'sordova'),
	(1265, '25', 'Cundinamarca', '2', 'sundinanarsa'),
	(1266, '27', 'Choco', '6', 'soso'),
	(1267, '41', 'Huila', '2', 'uila'),
	(1268, '44', 'La Guajira', '4', 'La juajira'),
	(1269, '47', 'Magdalena', '4', 'najdalena'),
	(1270, '50', 'Meta', '5', 'neta'),
	(1271, '52', 'Nariño', '6', 'Narino'),
	(1272, '54', 'Norte de Santander', '3', 'Norte de Santander'),
	(1273, '63', 'Quindío', '3', 'Quindio'),
	(1274, '66', 'Risaralda', '3', 'Risaralda'),
	(1275, '68', 'Santander', '3', 'Santander'),
	(1276, '70', 'Sucre', '4', 'Susre'),
	(1277, '73', 'Tolima', '3', 'Tolina'),
	(1278, '76', 'Valle del Cauca', '6', 'Val del sausa'),
	(1279, '81', 'Arauca', '5', 'Arausa'),
	(1280, '85', 'Casanare', '5', 'sasanare'),
	(1281, '86', 'Putumayo', '1', 'Putunaio'),
	(1282, '88', 'San Andrés, Providencia y Santa Catalina', '3', 'San Andres, Providensia i Santa satalina'),
	(1283, '91', 'Amazonas', '1', 'Anasonas'),
	(1284, '94', 'Guainía', '1', 'juainia'),
	(1285, '95', 'Guaviare', '1', 'juaviare'),
	(1286, '97', 'Vaupés', '1', 'Vaupes'),
	(1287, '99', 'Vichada', '5', 'Visada');
/*!40000 ALTER TABLE `depto_dame` ENABLE KEYS */;


-- Dumping structure for table invt_mb.farmacias
CREATE TABLE IF NOT EXISTS `farmacias` (
  `id` int(10) NOT NULL AUTO_INCREMENT,
  `name_farmacia` varchar(100) DEFAULT NULL,
  `id_warehouse` int(11) NOT NULL,
  `direccion_farmacia` varchar(200) DEFAULT NULL,
  `tel_farmacia_1` varchar(15) DEFAULT NULL,
  `tel_farmacia_2` varchar(15) DEFAULT NULL,
  `tel_farmacia_3` varchar(15) DEFAULT NULL,
  `cel_farmacia_1` varchar(15) DEFAULT NULL,
  `cel_farmacia_2` varchar(15) DEFAULT NULL,
  `cel_farmacia_3` varchar(15) DEFAULT NULL,
  `jefe_farmacia_userid` int(15) NOT NULL COMMENT 'userid key',
  `horario_farmacia` varchar(200) DEFAULT NULL,
  `img-mapa_llegada_farmacia` varchar(200) DEFAULT NULL,
  PRIMARY KEY (`id`),
  KEY `FK1warehouse` (`id_warehouse`),
  CONSTRAINT `FK1warehouse` FOREIGN KEY (`id_warehouse`) REFERENCES `warehouse` (`id`)
) ENGINE=InnoDB DEFAULT CHARSET=utf8 ROW_FORMAT=COMPACT COMMENT='list of warehouses';

-- Dumping data for table invt_mb.farmacias: ~0 rows (approximately)
DELETE FROM `farmacias`;
/*!40000 ALTER TABLE `farmacias` DISABLE KEYS */;
/*!40000 ALTER TABLE `farmacias` ENABLE KEYS */;


-- Dumping structure for table invt_mb.group_init
CREATE TABLE IF NOT EXISTS `group_init` (
  `id` int(10) NOT NULL AUTO_INCREMENT,
  `grupo` int(10) NOT NULL,
  `rol-description` varchar(200) NOT NULL,
  `pageRedirect` varchar(200) NOT NULL,
  PRIMARY KEY (`id`),
  UNIQUE KEY `grupo` (`grupo`)
) ENGINE=InnoDB AUTO_INCREMENT=4 DEFAULT CHARSET=utf8 ROW_FORMAT=DYNAMIC COMMENT='begin page to init the app for the groupid of session';

-- Dumping data for table invt_mb.group_init: ~3 rows (approximately)
DELETE FROM `group_init`;
/*!40000 ALTER TABLE `group_init` DISABLE KEYS */;
INSERT INTO `group_init` (`id`, `grupo`, `rol-description`, `pageRedirect`) VALUES
	(1, 1, 'administrator', 'administration.php'),
	(2, 2, 'main_warehouse', 'almacencentral.php'),
	(3, 3, 'farmacy', 'farmacia.php');
/*!40000 ALTER TABLE `group_init` ENABLE KEYS */;


-- Dumping structure for table invt_mb.main_redirection
CREATE TABLE IF NOT EXISTS `main_redirection` (
  `id` int(10) NOT NULL AUTO_INCREMENT,
  `grupo` int(11) DEFAULT NULL,
  `name_sitio` varchar(200) DEFAULT NULL,
  `link_sitio` varchar(200) DEFAULT NULL,
  `img_sitio` varchar(200) DEFAULT NULL,
  PRIMARY KEY (`id`)
) ENGINE=InnoDB AUTO_INCREMENT=5 DEFAULT CHARSET=utf8;

-- Dumping data for table invt_mb.main_redirection: ~4 rows (approximately)
DELETE FROM `main_redirection`;
/*!40000 ALTER TABLE `main_redirection` DISABLE KEYS */;
INSERT INTO `main_redirection` (`id`, `grupo`, `name_sitio`, `link_sitio`, `img_sitio`) VALUES
	(1, 1, 'administracion', '/administracion.php', 'img/DatePicker.gif'),
	(2, 1, 'Almacen General', '/almGeneral.php', '/img/almGeneral.jpg'),
	(3, 2, 'Almacen General', '/almGeneral.php', '/img/almGeneral.jpg'),
	(4, 3, 'Farmacia', '/farmacia.php', '/img/farmacia.php');
/*!40000 ALTER TABLE `main_redirection` ENABLE KEYS */;


-- Dumping structure for table invt_mb.menu_categories
CREATE TABLE IF NOT EXISTS `menu_categories` (
  `id` int(10) NOT NULL AUTO_INCREMENT,
  `CategoryId` int(10) NOT NULL,
  `CategoryName` varchar(200) DEFAULT NULL,
  `ParentCategory` varchar(200) DEFAULT NULL,
  PRIMARY KEY (`id`)
) ENGINE=MyISAM DEFAULT CHARSET=utf8 COMMENT='menu dinamico con categorias\r\n';

-- Dumping data for table invt_mb.menu_categories: 0 rows
DELETE FROM `menu_categories`;
/*!40000 ALTER TABLE `menu_categories` DISABLE KEYS */;
/*!40000 ALTER TABLE `menu_categories` ENABLE KEYS */;


-- Dumping structure for table invt_mb.munc_dane
CREATE TABLE IF NOT EXISTS `munc_dane` (
  `Id` int(10) NOT NULL AUTO_INCREMENT,
  `municipioCod` varchar(4) DEFAULT NULL,
  `municipio` varchar(200) DEFAULT NULL,
  `depto_id` int(11) NOT NULL,
  `depto_cod` varchar(4) DEFAULT NULL,
  `munic_fonetico` varchar(200) DEFAULT NULL,
  `dept_fonetico` varchar(200) DEFAULT NULL,
  `key_munc` varchar(200) DEFAULT NULL,
  `cod_Ciudad_DANE` varchar(200) DEFAULT NULL,
  `Munc_Depto` varchar(200) DEFAULT NULL,
  PRIMARY KEY (`Id`),
  KEY `FK1depto` (`depto_id`),
  CONSTRAINT `FK1depto` FOREIGN KEY (`depto_id`) REFERENCES `depto_dame` (`id`)
) ENGINE=InnoDB AUTO_INCREMENT=2002 DEFAULT CHARSET=utf8 COMMENT='tabla de municipios del DANE';

-- Dumping data for table invt_mb.munc_dane: ~1.268 rows (approximately)
DELETE FROM `munc_dane`;
/*!40000 ALTER TABLE `munc_dane` DISABLE KEYS */;
INSERT INTO `munc_dane` (`Id`, `municipioCod`, `municipio`, `depto_id`, `depto_cod`, `munic_fonetico`, `dept_fonetico`, `key_munc`, `cod_Ciudad_DANE`, `Munc_Depto`) VALUES
	(1, '001', 'MEDELLÍN', 1255, '05', 'nEDEiiN', 'Antioquia', 'nEDEiiN-Antioquia', '05001', 'MEDELLÍN - Antioquia'),
	(2, '002', 'ABEJORRAL', 1255, '05', 'AvEJOrAL', 'Antioquia', 'AvEJOrAL-Antioquia', '05002', 'ABEJORRAL - Antioquia'),
	(3, '004', 'ABRIAQUÍ', 1255, '05', 'AvRIAQUi', 'Antioquia', 'AvRIAQUi-Antioquia', '05004', 'ABRIAQUÍ - Antioquia'),
	(4, '021', 'ALEJANDRÍA', 1255, '05', 'ALEJANDRiA', 'Antioquia', 'ALEJANDRiA-Antioquia', '05021', 'ALEJANDRÍA - Antioquia'),
	(5, '030', 'AMAGÁ', 1255, '05', 'AnAja', 'Antioquia', 'AnAja-Antioquia', '05030', 'AMAGÁ - Antioquia'),
	(6, '031', 'AMALFI', 1255, '05', 'AnALFI', 'Antioquia', 'AnALFI-Antioquia', '05031', 'AMALFI - Antioquia'),
	(7, '034', 'ANDES', 1255, '05', 'ANDES', 'Antioquia', 'ANDES-Antioquia', '05034', 'ANDES - Antioquia'),
	(8, '036', 'ANGELÓPOLIS', 1255, '05', 'ANjELoPOLIS', 'Antioquia', 'ANjELoPOLIS-Antioquia', '05036', 'ANGELÓPOLIS - Antioquia'),
	(9, '038', 'ANGOSTURA', 1255, '05', 'ANjOSTURA', 'Antioquia', 'ANjOSTURA-Antioquia', '05038', 'ANGOSTURA - Antioquia'),
	(10, '040', 'ANORÍ', 1255, '05', 'ANORi', 'Antioquia', 'ANORi-Antioquia', '05040', 'ANORÍ - Antioquia'),
	(11, '042', 'SANTAFÉ DE ANTIOQUIA', 1255, '05', 'SANTAFe DE ANTIOQUIA', 'Antioquia', 'SANTAFe DE ANTIOQUIA-Antioquia', '05042', 'SANTAFÉ DE ANTIOQUIA - Antioquia'),
	(12, '044', 'ANZA', 1255, '05', 'ANsA', 'Antioquia', 'ANsA-Antioquia', '05044', 'ANZA - Antioquia'),
	(13, '045', 'APARTADÓ', 1255, '05', 'APARTADo', 'Antioquia', 'APARTADo-Antioquia', '05045', 'APARTADÓ - Antioquia'),
	(14, '051', 'ARBOLETES', 1255, '05', 'ARvOLETES', 'Antioquia', 'ARvOLETES-Antioquia', '05051', 'ARBOLETES - Antioquia'),
	(15, '055', 'ARGELIA', 1255, '05', 'ARjELIA', 'Antioquia', 'ARjELIA-Antioquia', '05055', 'ARGELIA - Antioquia'),
	(16, '059', 'ARMENIA', 1255, '05', 'ARnENIA', 'Antioquia', 'ARnENIA-Antioquia', '05059', 'ARMENIA - Antioquia'),
	(17, '079', 'BARBOSA', 1255, '05', 'vARvOSA', 'Antioquia', 'vARvOSA-Antioquia', '05079', 'BARBOSA - Antioquia'),
	(18, '086', 'BELMIRA', 1255, '05', 'vELnIRA', 'Antioquia', 'vELnIRA-Antioquia', '05086', 'BELMIRA - Antioquia'),
	(19, '088', 'BELLO', 1255, '05', 'vEiO', 'Antioquia', 'vEiO-Antioquia', '05088', 'BELLO - Antioquia'),
	(20, '091', 'BETANIA', 1255, '05', 'vETANIA', 'Antioquia', 'vETANIA-Antioquia', '05091', 'BETANIA - Antioquia'),
	(21, '093', 'BETULIA', 1255, '05', 'vETULIA', 'Antioquia', 'vETULIA-Antioquia', '05093', 'BETULIA - Antioquia'),
	(22, '101', 'CIUDAD BOLÍVAR', 1255, '05', 'sIUDAD vOLiVAR', 'Antioquia', 'sIUDAD vOLiVAR-Antioquia', '05101', 'CIUDAD BOLÍVAR - Antioquia'),
	(23, '107', 'BRICEÑO', 1255, '05', 'vRIsEnO', 'Antioquia', 'vRIsEnO-Antioquia', '05107', 'BRICEÑO - Antioquia'),
	(24, '113', 'BURITICÁ', 1255, '05', 'vURITIsa', 'Antioquia', 'vURITIsa-Antioquia', '05113', 'BURITICÁ - Antioquia'),
	(25, '120', 'CÁCERES', 1255, '05', 'sasERES', 'Antioquia', 'sasERES-Antioquia', '05120', 'CÁCERES - Antioquia'),
	(26, '125', 'CAICEDO', 1255, '05', 'sAIsEDO', 'Antioquia', 'sAIsEDO-Antioquia', '05125', 'CAICEDO - Antioquia'),
	(27, '129', 'CALDAS', 1255, '05', 'sALDAS', 'Antioquia', 'sALDAS-Antioquia', '05129', 'CALDAS - Antioquia'),
	(28, '134', 'CAMPAMENTO', 1255, '05', 'sAnPAnENTO', 'Antioquia', 'sAnPAnENTO-Antioquia', '05134', 'CAMPAMENTO - Antioquia'),
	(29, '138', 'CAÑASGORDAS', 1255, '05', 'sAnASjORDAS', 'Antioquia', 'sAnASjORDAS-Antioquia', '05138', 'CAÑASGORDAS - Antioquia'),
	(30, '142', 'CARACOLÍ', 1255, '05', 'sARAsOLi', 'Antioquia', 'sARAsOLi-Antioquia', '05142', 'CARACOLÍ - Antioquia'),
	(31, '145', 'CARAMANTA', 1255, '05', 'sARAnANTA', 'Antioquia', 'sARAnANTA-Antioquia', '05145', 'CARAMANTA - Antioquia'),
	(32, '147', 'CAREPA', 1255, '05', 'sAREPA', 'Antioquia', 'sAREPA-Antioquia', '05147', 'CAREPA - Antioquia'),
	(33, '148', 'EL CARMEN DE VIBORAL', 1255, '05', 'EL sARnEN DE VIvORAL', 'Antioquia', 'EL sARnEN DE VIvORAL-Antioquia', '05148', 'EL CARMEN DE VIBORAL - Antioquia'),
	(34, '150', 'CAROLINA', 1255, '05', 'sAROLINA', 'Antioquia', 'sAROLINA-Antioquia', '05150', 'CAROLINA - Antioquia'),
	(35, '154', 'CAUCASIA', 1255, '05', 'sAUsASIA', 'Antioquia', 'sAUsASIA-Antioquia', '05154', 'CAUCASIA - Antioquia'),
	(36, '172', 'CHIGORODÓ', 1255, '05', 'sIjORODo', 'Antioquia', 'sIjORODo-Antioquia', '05172', 'CHIGORODÓ - Antioquia'),
	(37, '190', 'CISNEROS', 1255, '05', 'sISNEROS', 'Antioquia', 'sISNEROS-Antioquia', '05190', 'CISNEROS - Antioquia'),
	(38, '197', 'COCORNÁ', 1255, '05', 'sOsORNa', 'Antioquia', 'sOsORNa-Antioquia', '05197', 'COCORNÁ - Antioquia'),
	(39, '206', 'CONCEPCIÓN', 1255, '05', 'sONsEPsIoN', 'Antioquia', 'sONsEPsIoN-Antioquia', '05206', 'CONCEPCIÓN - Antioquia'),
	(40, '209', 'CONCORDIA', 1255, '05', 'sONsORDIA', 'Antioquia', 'sONsORDIA-Antioquia', '05209', 'CONCORDIA - Antioquia'),
	(41, '212', 'COPACABANA', 1255, '05', 'sOPAsAvANA', 'Antioquia', 'sOPAsAvANA-Antioquia', '05212', 'COPACABANA - Antioquia'),
	(42, '234', 'DABEIBA', 1255, '05', 'DAvEIvA', 'Antioquia', 'DAvEIvA-Antioquia', '05234', 'DABEIBA - Antioquia'),
	(43, '237', 'DON MATÍAS', 1255, '05', 'DON nATiAS', 'Antioquia', 'DON nATiAS-Antioquia', '05237', 'DON MATÍAS - Antioquia'),
	(44, '240', 'EBÉJICO', 1255, '05', 'EveJIsO', 'Antioquia', 'EveJIsO-Antioquia', '05240', 'EBÉJICO - Antioquia'),
	(45, '250', 'EL BAGRE', 1255, '05', 'EL vAjRE', 'Antioquia', 'EL vAjRE-Antioquia', '05250', 'EL BAGRE - Antioquia'),
	(46, '264', 'ENTRERRIOS', 1255, '05', 'ENTRErIOS', 'Antioquia', 'ENTRErIOS-Antioquia', '05264', 'ENTRERRIOS - Antioquia'),
	(47, '266', 'ENVIGADO', 1255, '05', 'ENVIjADO', 'Antioquia', 'ENVIjADO-Antioquia', '05266', 'ENVIGADO - Antioquia'),
	(48, '282', 'FREDONIA', 1255, '05', 'FREDONIA', 'Antioquia', 'FREDONIA-Antioquia', '05282', 'FREDONIA - Antioquia'),
	(49, '284', 'FRONTINO', 1255, '05', 'FRONTINO', 'Antioquia', 'FRONTINO-Antioquia', '05284', 'FRONTINO - Antioquia'),
	(50, '306', 'GIRALDO', 1255, '05', 'jIRALDO', 'Antioquia', 'jIRALDO-Antioquia', '05306', 'GIRALDO - Antioquia'),
	(51, '308', 'GIRARDOTA', 1255, '05', 'jIRARDOTA', 'Antioquia', 'jIRARDOTA-Antioquia', '05308', 'GIRARDOTA - Antioquia'),
	(52, '310', 'GÓMEZ PLATA', 1255, '05', 'jonEs PLATA', 'Antioquia', 'jonEs PLATA-Antioquia', '05310', 'GÓMEZ PLATA - Antioquia'),
	(53, '313', 'GRANADA', 1255, '05', 'jRANADA', 'Antioquia', 'jRANADA-Antioquia', '05313', 'GRANADA - Antioquia'),
	(54, '315', 'GUADALUPE', 1255, '05', 'jUADALUPE', 'Antioquia', 'jUADALUPE-Antioquia', '05315', 'GUADALUPE - Antioquia'),
	(55, '318', 'GUARNE', 1255, '05', 'jUARNE', 'Antioquia', 'jUARNE-Antioquia', '05318', 'GUARNE - Antioquia'),
	(56, '321', 'GUATAPE', 1255, '05', 'jUATAPE', 'Antioquia', 'jUATAPE-Antioquia', '05321', 'GUATAPE - Antioquia'),
	(57, '347', 'HELICONIA', 1255, '05', 'ELIsONIA', 'Antioquia', 'ELIsONIA-Antioquia', '05347', 'HELICONIA - Antioquia'),
	(58, '353', 'HISPANIA', 1255, '05', 'ISPANIA', 'Antioquia', 'ISPANIA-Antioquia', '05353', 'HISPANIA - Antioquia'),
	(59, '360', 'ITAGUI', 1255, '05', 'ITAjUI', 'Antioquia', 'ITAjUI-Antioquia', '05360', 'ITAGUI - Antioquia'),
	(60, '361', 'ITUANGO', 1255, '05', 'ITUANjO', 'Antioquia', 'ITUANjO-Antioquia', '05361', 'ITUANGO - Antioquia'),
	(61, '364', 'JARDÍN', 1255, '05', 'JARDiN', 'Antioquia', 'JARDiN-Antioquia', '05364', 'JARDÍN - Antioquia'),
	(62, '368', 'JERICÓ', 1255, '05', 'JERIso', 'Antioquia', 'JERIso-Antioquia', '05368', 'JERICÓ - Antioquia'),
	(63, '376', 'LA CEJA', 1255, '05', 'LA sEJA', 'Antioquia', 'LA sEJA-Antioquia', '05376', 'LA CEJA - Antioquia'),
	(64, '380', 'LA ESTRELLA', 1255, '05', 'LA ESTREiA', 'Antioquia', 'LA ESTREiA-Antioquia', '05380', 'LA ESTRELLA - Antioquia'),
	(65, '390', 'LA PINTADA', 1255, '05', 'LA PINTADA', 'Antioquia', 'LA PINTADA-Antioquia', '05390', 'LA PINTADA - Antioquia'),
	(66, '400', 'LA UNIÓN', 1255, '05', 'LA UNIoN', 'Antioquia', 'LA UNIoN-Antioquia', '05400', 'LA UNIÓN - Antioquia'),
	(67, '411', 'LIBORINA', 1255, '05', 'LIvORINA', 'Antioquia', 'LIvORINA-Antioquia', '05411', 'LIBORINA - Antioquia'),
	(68, '425', 'MACEO', 1255, '05', 'nAsEO', 'Antioquia', 'nAsEO-Antioquia', '05425', 'MACEO - Antioquia'),
	(69, '440', 'MARINILLA', 1255, '05', 'nARINIiA', 'Antioquia', 'nARINIiA-Antioquia', '05440', 'MARINILLA - Antioquia'),
	(70, '467', 'MONTEBELLO', 1255, '05', 'nONTEvEiO', 'Antioquia', 'nONTEvEiO-Antioquia', '05467', 'MONTEBELLO - Antioquia'),
	(71, '475', 'MURINDÓ', 1255, '05', 'nURINDo', 'Antioquia', 'nURINDo-Antioquia', '05475', 'MURINDÓ - Antioquia'),
	(72, '480', 'MUTATÁ', 1255, '05', 'nUTATa', 'Antioquia', 'nUTATa-Antioquia', '05480', 'MUTATÁ - Antioquia'),
	(73, '483', 'NARIÑO', 1255, '05', 'NARInO', 'Antioquia', 'NARInO-Antioquia', '05483', 'NARIÑO - Antioquia'),
	(74, '490', 'NECOCLÍ', 1255, '05', 'NEsOsLi', 'Antioquia', 'NEsOsLi-Antioquia', '05490', 'NECOCLÍ - Antioquia'),
	(75, '495', 'NECHÍ', 1255, '05', 'NEsi', 'Antioquia', 'NEsi-Antioquia', '05495', 'NECHÍ - Antioquia'),
	(76, '501', 'OLAYA', 1255, '05', 'OLAiA', 'Antioquia', 'OLAiA-Antioquia', '05501', 'OLAYA - Antioquia'),
	(77, '541', 'PEÑOL', 1255, '05', 'PEnOL', 'Antioquia', 'PEnOL-Antioquia', '05541', 'PEÑOL - Antioquia'),
	(78, '543', 'PEQUE', 1255, '05', 'PEQUE', 'Antioquia', 'PEQUE-Antioquia', '05543', 'PEQUE - Antioquia'),
	(79, '576', 'PUEBLORRICO', 1255, '05', 'PUEvLOrIsO', 'Antioquia', 'PUEvLOrIsO-Antioquia', '05576', 'PUEBLORRICO - Antioquia'),
	(80, '579', 'PUERTO BERRÍO', 1255, '05', 'PUERTO vEriO', 'Antioquia', 'PUERTO vEriO-Antioquia', '05579', 'PUERTO BERRÍO - Antioquia'),
	(81, '585', 'PUERTO NARE', 1255, '05', 'PUERTO NARE', 'Antioquia', 'PUERTO NARE-Antioquia', '05585', 'PUERTO NARE - Antioquia'),
	(82, '591', 'PUERTO TRIUNFO', 1255, '05', 'PUERTO TRIUNFO', 'Antioquia', 'PUERTO TRIUNFO-Antioquia', '05591', 'PUERTO TRIUNFO - Antioquia'),
	(83, '604', 'REMEDIOS', 1255, '05', 'REnEDIOS', 'Antioquia', 'REnEDIOS-Antioquia', '05604', 'REMEDIOS - Antioquia'),
	(84, '607', 'RETIRO', 1255, '05', 'RETIRO', 'Antioquia', 'RETIRO-Antioquia', '05607', 'RETIRO - Antioquia'),
	(85, '615', 'RIONEGRO', 1255, '05', 'RIONEjRO', 'Antioquia', 'RIONEjRO-Antioquia', '05615', 'RIONEGRO - Antioquia'),
	(86, '628', 'SABANALARGA', 1255, '05', 'SAvANALARjA', 'Antioquia', 'SAvANALARjA-Antioquia', '05628', 'SABANALARGA - Antioquia'),
	(87, '631', 'SABANETA', 1255, '05', 'SAvANETA', 'Antioquia', 'SAvANETA-Antioquia', '05631', 'SABANETA - Antioquia'),
	(88, '642', 'SALGAR', 1255, '05', 'SALjAR', 'Antioquia', 'SALjAR-Antioquia', '05642', 'SALGAR - Antioquia'),
	(89, '647', 'SAN ANDRÉS DE CUERQUÍA', 1255, '05', 'SAN ANDReS DE sUERQUiA', 'Antioquia', 'SAN ANDReS DE sUERQUiA-Antioquia', '05647', 'SAN ANDRÉS DE CUERQUÍA - Antioquia'),
	(90, '649', 'SAN CARLOS', 1255, '05', 'SAN sARLOS', 'Antioquia', 'SAN sARLOS-Antioquia', '05649', 'SAN CARLOS - Antioquia'),
	(91, '652', 'SAN FRANCISCO', 1255, '05', 'SAN FRANsISsO', 'Antioquia', 'SAN FRANsISsO-Antioquia', '05652', 'SAN FRANCISCO - Antioquia'),
	(92, '656', 'SAN JERÓNIMO', 1255, '05', 'SAN JERoNInO', 'Antioquia', 'SAN JERoNInO-Antioquia', '05656', 'SAN JERÓNIMO - Antioquia'),
	(93, '658', 'SAN JOSÉ DE LA MONTAÑA', 1255, '05', 'SAN JOSe DE LA nONTAnA', 'Antioquia', 'SAN JOSe DE LA nONTAnA-Antioquia', '05658', 'SAN JOSÉ DE LA MONTAÑA - Antioquia'),
	(94, '659', 'SAN JUAN DE URABÁ', 1255, '05', 'SAN JUAN DE URAva', 'Antioquia', 'SAN JUAN DE URAva-Antioquia', '05659', 'SAN JUAN DE URABÁ - Antioquia'),
	(95, '660', 'SAN LUIS', 1255, '05', 'SAN LUIS', 'Antioquia', 'SAN LUIS-Antioquia', '05660', 'SAN LUIS - Antioquia'),
	(96, '664', 'SAN PEDRO DE LOS MILAGROS', 1255, '05', 'SAN PEDRO DE LOS nILAjROS', 'Antioquia', 'SAN PEDRO DE LOS nILAjROS-Antioquia', '05664', 'SAN PEDRO DE LOS MILAGROS - Antioquia'),
	(97, '665', 'SAN PEDRO DE URABA', 1255, '05', 'SAN PEDRO DE URAvA', 'Antioquia', 'SAN PEDRO DE URAvA-Antioquia', '05665', 'SAN PEDRO DE URABA - Antioquia'),
	(98, '667', 'SAN RAFAEL', 1255, '05', 'SAN RAFAEL', 'Antioquia', 'SAN RAFAEL-Antioquia', '05667', 'SAN RAFAEL - Antioquia'),
	(99, '670', 'SAN ROQUE', 1255, '05', 'SAN ROQUE', 'Antioquia', 'SAN ROQUE-Antioquia', '05670', 'SAN ROQUE - Antioquia'),
	(100, '674', 'SAN VICENTE', 1255, '05', 'SAN VIsENTE', 'Antioquia', 'SAN VIsENTE-Antioquia', '05674', 'SAN VICENTE - Antioquia'),
	(101, '679', 'SANTA BÁRBARA', 1255, '05', 'SANTA vaRvARA', 'Antioquia', 'SANTA vaRvARA-Antioquia', '05679', 'SANTA BÁRBARA - Antioquia'),
	(102, '686', 'SANTA ROSA DE OSOS', 1255, '05', 'SANTA ROSA DE OSOS', 'Antioquia', 'SANTA ROSA DE OSOS-Antioquia', '05686', 'SANTA ROSA DE OSOS - Antioquia'),
	(103, '690', 'SANTO DOMINGO', 1255, '05', 'SANTO DOnINjO', 'Antioquia', 'SANTO DOnINjO-Antioquia', '05690', 'SANTO DOMINGO - Antioquia'),
	(104, '697', 'EL SANTUARIO', 1255, '05', 'EL SANTUARIO', 'Antioquia', 'EL SANTUARIO-Antioquia', '05697', 'EL SANTUARIO - Antioquia'),
	(105, '736', 'SEGOVIA', 1255, '05', 'SEjOVIA', 'Antioquia', 'SEjOVIA-Antioquia', '05736', 'SEGOVIA - Antioquia'),
	(106, '756', 'SONSON', 1255, '05', 'SONSON', 'Antioquia', 'SONSON-Antioquia', '05756', 'SONSON - Antioquia'),
	(107, '761', 'SOPETRÁN', 1255, '05', 'SOPETRaN', 'Antioquia', 'SOPETRaN-Antioquia', '05761', 'SOPETRÁN - Antioquia'),
	(108, '789', 'TÁMESIS', 1255, '05', 'TanESIS', 'Antioquia', 'TanESIS-Antioquia', '05789', 'TÁMESIS - Antioquia'),
	(109, '790', 'TARAZÁ', 1255, '05', 'TARAsa', 'Antioquia', 'TARAsa-Antioquia', '05790', 'TARAZÁ - Antioquia'),
	(110, '792', 'TARSO', 1255, '05', 'TARSO', 'Antioquia', 'TARSO-Antioquia', '05792', 'TARSO - Antioquia'),
	(111, '809', 'TITIRIBÍ', 1255, '05', 'TITIRIvi', 'Antioquia', 'TITIRIvi-Antioquia', '05809', 'TITIRIBÍ - Antioquia'),
	(112, '819', 'TOLEDO', 1255, '05', 'TOLEDO', 'Antioquia', 'TOLEDO-Antioquia', '05819', 'TOLEDO - Antioquia'),
	(113, '837', 'TURBO', 1255, '05', 'TURvO', 'Antioquia', 'TURvO-Antioquia', '05837', 'TURBO - Antioquia'),
	(114, '842', 'URAMITA', 1255, '05', 'URAnITA', 'Antioquia', 'URAnITA-Antioquia', '05842', 'URAMITA - Antioquia'),
	(115, '847', 'URRAO', 1255, '05', 'UrAO', 'Antioquia', 'UrAO-Antioquia', '05847', 'URRAO - Antioquia'),
	(116, '854', 'VALDIVIA', 1255, '05', 'VALDIVIA', 'Antioquia', 'VALDIVIA-Antioquia', '05854', 'VALDIVIA - Antioquia'),
	(117, '856', 'VALPARAÍSO', 1255, '05', 'VALPARAiSO', 'Antioquia', 'VALPARAiSO-Antioquia', '05856', 'VALPARAÍSO - Antioquia'),
	(118, '858', 'VEGACHÍ', 1255, '05', 'VEjAsi', 'Antioquia', 'VEjAsi-Antioquia', '05858', 'VEGACHÍ - Antioquia'),
	(119, '861', 'VENECIA', 1255, '05', 'VENEsIA', 'Antioquia', 'VENEsIA-Antioquia', '05861', 'VENECIA - Antioquia'),
	(120, '873', 'VIGÍA DEL FUERTE', 1255, '05', 'VIjiA DEL FUERTE', 'Antioquia', 'VIjiA DEL FUERTE-Antioquia', '05873', 'VIGÍA DEL FUERTE - Antioquia'),
	(121, '885', 'YALÍ', 1255, '05', 'iALi', 'Antioquia', 'iALi-Antioquia', '05885', 'YALÍ - Antioquia'),
	(122, '887', 'YARUMAL', 1255, '05', 'iARUnAL', 'Antioquia', 'iARUnAL-Antioquia', '05887', 'YARUMAL - Antioquia'),
	(123, '890', 'YOLOMBÓ', 1255, '05', 'iOLOnvo', 'Antioquia', 'iOLOnvo-Antioquia', '05890', 'YOLOMBÓ - Antioquia'),
	(124, '893', 'YONDÓ', 1255, '05', 'iONDo', 'Antioquia', 'iONDo-Antioquia', '05893', 'YONDÓ - Antioquia'),
	(125, '895', 'ZARAGOZA', 1255, '05', 'sARAjOsA', 'Antioquia', 'sARAjOsA-Antioquia', '05895', 'ZARAGOZA - Antioquia'),
	(126, '001', 'BARRANQUILLA', 1256, '08', 'vArANQUIiA', 'Atlantiso', 'vArANQUIiA-Atlantiso', '08001', 'BARRANQUILLA - Atlántico'),
	(127, '078', 'BARANOA', 1256, '08', 'vARANOA', 'Atlantiso', 'vARANOA-Atlantiso', '08078', 'BARANOA - Atlántico'),
	(128, '137', 'CAMPO DE LA CRUZ', 1256, '08', 'sAnPO DE LA sRUs', 'Atlantiso', 'sAnPO DE LA sRUs-Atlantiso', '08137', 'CAMPO DE LA CRUZ - Atlántico'),
	(129, '141', 'CANDELARIA', 1256, '08', 'sANDELARIA', 'Atlantiso', 'sANDELARIA-Atlantiso', '08141', 'CANDELARIA - Atlántico'),
	(130, '296', 'GALAPA', 1256, '08', 'jALAPA', 'Atlantiso', 'jALAPA-Atlantiso', '08296', 'GALAPA - Atlántico'),
	(131, '372', 'JUAN DE ACOSTA', 1256, '08', 'JUAN DE AsOSTA', 'Atlantiso', 'JUAN DE AsOSTA-Atlantiso', '08372', 'JUAN DE ACOSTA - Atlántico'),
	(132, '421', 'LURUACO', 1256, '08', 'LURUAsO', 'Atlantiso', 'LURUAsO-Atlantiso', '08421', 'LURUACO - Atlántico'),
	(133, '433', 'MALAMBO', 1256, '08', 'nALAnvO', 'Atlantiso', 'nALAnvO-Atlantiso', '08433', 'MALAMBO - Atlántico'),
	(134, '436', 'MANATÍ', 1256, '08', 'nANATi', 'Atlantiso', 'nANATi-Atlantiso', '08436', 'MANATÍ - Atlántico'),
	(135, '520', 'PALMAR DE VARELA', 1256, '08', 'PALnAR DE VARELA', 'Atlantiso', 'PALnAR DE VARELA-Atlantiso', '08520', 'PALMAR DE VARELA - Atlántico'),
	(136, '549', 'PIOJÓ', 1256, '08', 'PIOJo', 'Atlantiso', 'PIOJo-Atlantiso', '08549', 'PIOJÓ - Atlántico'),
	(137, '558', 'POLONUEVO', 1256, '08', 'POLONUEVO', 'Atlantiso', 'POLONUEVO-Atlantiso', '08558', 'POLONUEVO - Atlántico'),
	(138, '560', 'PONEDERA', 1256, '08', 'PONEDERA', 'Atlantiso', 'PONEDERA-Atlantiso', '08560', 'PONEDERA - Atlántico'),
	(139, '573', 'PUERTO COLOMBIA', 1256, '08', 'PUERTO sOLOnvIA', 'Atlantiso', 'PUERTO sOLOnvIA-Atlantiso', '08573', 'PUERTO COLOMBIA - Atlántico'),
	(140, '606', 'REPELÓN', 1256, '08', 'REPELoN', 'Atlantiso', 'REPELoN-Atlantiso', '08606', 'REPELÓN - Atlántico'),
	(141, '634', 'SABANAGRANDE', 1256, '08', 'SAvANAjRANDE', 'Atlantiso', 'SAvANAjRANDE-Atlantiso', '08634', 'SABANAGRANDE - Atlántico'),
	(142, '638', 'SABANALARGA', 1256, '08', 'SAvANALARjA', 'Atlantiso', 'SAvANALARjA-Atlantiso', '08638', 'SABANALARGA - Atlántico'),
	(143, '675', 'SANTA LUCÍA', 1256, '08', 'SANTA LUsiA', 'Atlantiso', 'SANTA LUsiA-Atlantiso', '08675', 'SANTA LUCÍA - Atlántico'),
	(144, '685', 'SANTO TOMÁS', 1256, '08', 'SANTO TOnaS', 'Atlantiso', 'SANTO TOnaS-Atlantiso', '08685', 'SANTO TOMÁS - Atlántico'),
	(145, '758', 'SOLEDAD', 1256, '08', 'SOLEDAD', 'Atlantiso', 'SOLEDAD-Atlantiso', '08758', 'SOLEDAD - Atlántico'),
	(146, '770', 'SUAN', 1256, '08', 'SUAN', 'Atlantiso', 'SUAN-Atlantiso', '08770', 'SUAN - Atlántico'),
	(147, '832', 'TUBARÁ', 1256, '08', 'TUvARa', 'Atlantiso', 'TUvARa-Atlantiso', '08832', 'TUBARÁ - Atlántico'),
	(148, '849', 'USIACURÍ', 1256, '08', 'USIAsURi', 'Atlantiso', 'USIAsURi-Atlantiso', '08849', 'USIACURÍ - Atlántico'),
	(149, '001', 'BOGOTÁ, D.C.', 1257, '11', 'vOjOTa, D.s.', 'vojota', 'vOjOTa, D.s.-vojota', '11001', 'BOGOTÁ, D.C. - Bogotá'),
	(150, '001', 'CARTAGENA', 1258, '13', 'sARTAjENA', 'volivar', 'sARTAjENA-volivar', '13001', 'CARTAGENA - Bolívar'),
	(151, '006', 'ACHÍ', 1258, '13', 'Asi', 'volivar', 'Asi-volivar', '13006', 'ACHÍ - Bolívar'),
	(152, '030', 'ALTOS DEL ROSARIO', 1258, '13', 'ALTOS DEL ROSARIO', 'volivar', 'ALTOS DEL ROSARIO-volivar', '13030', 'ALTOS DEL ROSARIO - Bolívar'),
	(153, '042', 'ARENAL', 1258, '13', 'ARENAL', 'volivar', 'ARENAL-volivar', '13042', 'ARENAL - Bolívar'),
	(154, '052', 'ARJONA', 1258, '13', 'ARJONA', 'volivar', 'ARJONA-volivar', '13052', 'ARJONA - Bolívar'),
	(155, '062', 'ARROYOHONDO', 1258, '13', 'ArOiOONDO', 'volivar', 'ArOiOONDO-volivar', '13062', 'ARROYOHONDO - Bolívar'),
	(156, '074', 'BARRANCO DE LOBA', 1258, '13', 'vArANsO DE LOvA', 'volivar', 'vArANsO DE LOvA-volivar', '13074', 'BARRANCO DE LOBA - Bolívar'),
	(157, '140', 'CALAMAR', 1258, '13', 'sALAnAR', 'volivar', 'sALAnAR-volivar', '13140', 'CALAMAR - Bolívar'),
	(158, '160', 'CANTAGALLO', 1258, '13', 'sANTAjAiO', 'volivar', 'sANTAjAiO-volivar', '13160', 'CANTAGALLO - Bolívar'),
	(159, '188', 'CICUCO', 1258, '13', 'sIsUsO', 'volivar', 'sIsUsO-volivar', '13188', 'CICUCO - Bolívar'),
	(160, '212', 'CÓRDOBA', 1258, '13', 'soRDOvA', 'volivar', 'soRDOvA-volivar', '13212', 'CÓRDOBA - Bolívar'),
	(161, '222', 'CLEMENCIA', 1258, '13', 'sLEnENsIA', 'volivar', 'sLEnENsIA-volivar', '13222', 'CLEMENCIA - Bolívar'),
	(162, '244', 'EL CARMEN DE BOLÍVAR', 1258, '13', 'EL sARnEN DE vOLiVAR', 'volivar', 'EL sARnEN DE vOLiVAR-volivar', '13244', 'EL CARMEN DE BOLÍVAR - Bolívar'),
	(163, '248', 'EL GUAMO', 1258, '13', 'EL jUAnO', 'volivar', 'EL jUAnO-volivar', '13248', 'EL GUAMO - Bolívar'),
	(164, '268', 'EL PEÑÓN', 1258, '13', 'EL PEnoN', 'volivar', 'EL PEnoN-volivar', '13268', 'EL PEÑÓN - Bolívar'),
	(165, '300', 'HATILLO DE LOBA', 1258, '13', 'ATIiO DE LOvA', 'volivar', 'ATIiO DE LOvA-volivar', '13300', 'HATILLO DE LOBA - Bolívar'),
	(166, '430', 'MAGANGUÉ', 1258, '13', 'nAjANjUe', 'volivar', 'nAjANjUe-volivar', '13430', 'MAGANGUÉ - Bolívar'),
	(167, '433', 'MAHATES', 1258, '13', 'nAATES', 'volivar', 'nAATES-volivar', '13433', 'MAHATES - Bolívar'),
	(168, '440', 'MARGARITA', 1258, '13', 'nARjARITA', 'volivar', 'nARjARITA-volivar', '13440', 'MARGARITA - Bolívar'),
	(169, '442', 'MARÍA LA BAJA', 1258, '13', 'nARiA LA vAJA', 'volivar', 'nARiA LA vAJA-volivar', '13442', 'MARÍA LA BAJA - Bolívar'),
	(170, '458', 'MONTECRISTO', 1258, '13', 'nONTEsRISTO', 'volivar', 'nONTEsRISTO-volivar', '13458', 'MONTECRISTO - Bolívar'),
	(171, '468', 'MOMPÓS', 1258, '13', 'nOnPoS', 'volivar', 'nOnPoS-volivar', '13468', 'MOMPÓS - Bolívar'),
	(172, '473', 'MORALES', 1258, '13', 'nORALES', 'volivar', 'nORALES-volivar', '13473', 'MORALES - Bolívar'),
	(173, '549', 'PINILLOS', 1258, '13', 'PINIiOS', 'volivar', 'PINIiOS-volivar', '13549', 'PINILLOS - Bolívar'),
	(174, '580', 'REGIDOR', 1258, '13', 'REjIDOR', 'volivar', 'REjIDOR-volivar', '13580', 'REGIDOR - Bolívar'),
	(175, '600', 'RÍO VIEJO', 1258, '13', 'RiO VIEJO', 'volivar', 'RiO VIEJO-volivar', '13600', 'RÍO VIEJO - Bolívar'),
	(176, '620', 'SAN CRISTÓBAL', 1258, '13', 'SAN sRISTovAL', 'volivar', 'SAN sRISTovAL-volivar', '13620', 'SAN CRISTÓBAL - Bolívar'),
	(177, '647', 'SAN ESTANISLAO', 1258, '13', 'SAN ESTANISLAO', 'volivar', 'SAN ESTANISLAO-volivar', '13647', 'SAN ESTANISLAO - Bolívar'),
	(178, '650', 'SAN FERNANDO', 1258, '13', 'SAN FERNANDO', 'volivar', 'SAN FERNANDO-volivar', '13650', 'SAN FERNANDO - Bolívar'),
	(179, '654', 'SAN JACINTO', 1258, '13', 'SAN JAsINTO', 'volivar', 'SAN JAsINTO-volivar', '13654', 'SAN JACINTO - Bolívar'),
	(180, '655', 'SAN JACINTO DEL CAUCA', 1258, '13', 'SAN JAsINTO DEL sAUsA', 'volivar', 'SAN JAsINTO DEL sAUsA-volivar', '13655', 'SAN JACINTO DEL CAUCA - Bolívar'),
	(181, '657', 'SAN JUAN NEPOMUCENO', 1258, '13', 'SAN JUAN NEPOnUsENO', 'volivar', 'SAN JUAN NEPOnUsENO-volivar', '13657', 'SAN JUAN NEPOMUCENO - Bolívar'),
	(182, '667', 'SAN MARTÍN DE LOBA', 1258, '13', 'SAN nARTiN DE LOvA', 'volivar', 'SAN nARTiN DE LOvA-volivar', '13667', 'SAN MARTÍN DE LOBA - Bolívar'),
	(183, '670', 'SAN PABLO', 1258, '13', 'SAN PAvLO', 'volivar', 'SAN PAvLO-volivar', '13670', 'SAN PABLO - Bolívar'),
	(184, '673', 'SANTA CATALINA', 1258, '13', 'SANTA sATALINA', 'volivar', 'SANTA sATALINA-volivar', '13673', 'SANTA CATALINA - Bolívar'),
	(185, '683', 'SANTA ROSA', 1258, '13', 'SANTA ROSA', 'volivar', 'SANTA ROSA-volivar', '13683', 'SANTA ROSA - Bolívar'),
	(186, '688', 'SANTA ROSA DEL SUR', 1258, '13', 'SANTA ROSA DEL SUR', 'volivar', 'SANTA ROSA DEL SUR-volivar', '13688', 'SANTA ROSA DEL SUR - Bolívar'),
	(187, '744', 'SIMITÍ', 1258, '13', 'SInITi', 'volivar', 'SInITi-volivar', '13744', 'SIMITÍ - Bolívar'),
	(188, '760', 'SOPLAVIENTO', 1258, '13', 'SOPLAVIENTO', 'volivar', 'SOPLAVIENTO-volivar', '13760', 'SOPLAVIENTO - Bolívar'),
	(189, '780', 'TALAIGUA NUEVO', 1258, '13', 'TALAIjUA NUEVO', 'volivar', 'TALAIjUA NUEVO-volivar', '13780', 'TALAIGUA NUEVO - Bolívar'),
	(190, '810', 'TIQUISIO', 1258, '13', 'TIQUISIO', 'volivar', 'TIQUISIO-volivar', '13810', 'TIQUISIO - Bolívar'),
	(191, '836', 'TURBACO', 1258, '13', 'TURvAsO', 'volivar', 'TURvAsO-volivar', '13836', 'TURBACO - Bolívar'),
	(192, '838', 'TURBANÁ', 1258, '13', 'TURvANa', 'volivar', 'TURvANa-volivar', '13838', 'TURBANÁ - Bolívar'),
	(193, '873', 'VILLANUEVA', 1258, '13', 'VIiANUEVA', 'volivar', 'VIiANUEVA-volivar', '13873', 'VILLANUEVA - Bolívar'),
	(194, '894', 'ZAMBRANO', 1258, '13', 'sAnvRANO', 'volivar', 'sAnvRANO-volivar', '13894', 'ZAMBRANO - Bolívar'),
	(195, '001', 'TUNJA', 1259, '15', 'TUNJA', 'voiasa', 'TUNJA-voiasa', '15001', 'TUNJA - Boyacá'),
	(196, '022', 'ALMEIDA', 1259, '15', 'ALnEIDA', 'voiasa', 'ALnEIDA-voiasa', '15022', 'ALMEIDA - Boyacá'),
	(197, '047', 'AQUITANIA', 1259, '15', 'AQUITANIA', 'voiasa', 'AQUITANIA-voiasa', '15047', 'AQUITANIA - Boyacá'),
	(198, '051', 'ARCABUCO', 1259, '15', 'ARsAvUsO', 'voiasa', 'ARsAvUsO-voiasa', '15051', 'ARCABUCO - Boyacá'),
	(199, '087', 'BELÉN', 1259, '15', 'vELeN', 'voiasa', 'vELeN-voiasa', '15087', 'BELÉN - Boyacá'),
	(200, '090', 'BERBEO', 1259, '15', 'vERvEO', 'voiasa', 'vERvEO-voiasa', '15090', 'BERBEO - Boyacá'),
	(201, '092', 'BETÉITIVA', 1259, '15', 'vETeITIVA', 'voiasa', 'vETeITIVA-voiasa', '15092', 'BETÉITIVA - Boyacá'),
	(202, '097', 'BOAVITA', 1259, '15', 'vOAVITA', 'voiasa', 'vOAVITA-voiasa', '15097', 'BOAVITA - Boyacá'),
	(203, '104', 'BOYACÁ', 1259, '15', 'vOiAsa', 'voiasa', 'vOiAsa-voiasa', '15104', 'BOYACÁ - Boyacá'),
	(204, '106', 'BRICEÑO', 1259, '15', 'vRIsEnO', 'voiasa', 'vRIsEnO-voiasa', '15106', 'BRICEÑO - Boyacá'),
	(205, '109', 'BUENAVISTA', 1259, '15', 'vUENAVISTA', 'voiasa', 'vUENAVISTA-voiasa', '15109', 'BUENAVISTA - Boyacá'),
	(206, '114', 'BUSBANZÁ', 1259, '15', 'vUSvANsa', 'voiasa', 'vUSvANsa-voiasa', '15114', 'BUSBANZÁ - Boyacá'),
	(207, '131', 'CALDAS', 1259, '15', 'sALDAS', 'voiasa', 'sALDAS-voiasa', '15131', 'CALDAS - Boyacá'),
	(208, '135', 'CAMPOHERMOSO', 1259, '15', 'sAnPOERnOSO', 'voiasa', 'sAnPOERnOSO-voiasa', '15135', 'CAMPOHERMOSO - Boyacá'),
	(209, '162', 'CERINZA', 1259, '15', 'sERINsA', 'voiasa', 'sERINsA-voiasa', '15162', 'CERINZA - Boyacá'),
	(210, '172', 'CHINAVITA', 1259, '15', 'sINAVITA', 'voiasa', 'sINAVITA-voiasa', '15172', 'CHINAVITA - Boyacá'),
	(211, '176', 'CHIQUINQUIRÁ', 1259, '15', 'sIQUINQUIRa', 'voiasa', 'sIQUINQUIRa-voiasa', '15176', 'CHIQUINQUIRÁ - Boyacá'),
	(212, '180', 'CHISCAS', 1259, '15', 'sISsAS', 'voiasa', 'sISsAS-voiasa', '15180', 'CHISCAS - Boyacá'),
	(213, '183', 'CHITA', 1259, '15', 'sITA', 'voiasa', 'sITA-voiasa', '15183', 'CHITA - Boyacá'),
	(214, '185', 'CHITARAQUE', 1259, '15', 'sITARAQUE', 'voiasa', 'sITARAQUE-voiasa', '15185', 'CHITARAQUE - Boyacá'),
	(215, '187', 'CHIVATÁ', 1259, '15', 'sIVATa', 'voiasa', 'sIVATa-voiasa', '15187', 'CHIVATÁ - Boyacá'),
	(216, '189', 'CIÉNEGA', 1259, '15', 'sIeNEjA', 'voiasa', 'sIeNEjA-voiasa', '15189', 'CIÉNEGA - Boyacá'),
	(217, '204', 'CÓMBITA', 1259, '15', 'sonvITA', 'voiasa', 'sonvITA-voiasa', '15204', 'CÓMBITA - Boyacá'),
	(218, '212', 'COPER', 1259, '15', 'sOPER', 'voiasa', 'sOPER-voiasa', '15212', 'COPER - Boyacá'),
	(219, '215', 'CORRALES', 1259, '15', 'sOrALES', 'voiasa', 'sOrALES-voiasa', '15215', 'CORRALES - Boyacá'),
	(220, '218', 'COVARACHÍA', 1259, '15', 'sOVARAsiA', 'voiasa', 'sOVARAsiA-voiasa', '15218', 'COVARACHÍA - Boyacá'),
	(221, '223', 'CUBARÁ', 1259, '15', 'sUvARa', 'voiasa', 'sUvARa-voiasa', '15223', 'CUBARÁ - Boyacá'),
	(222, '224', 'CUCAITA', 1259, '15', 'sUsAITA', 'voiasa', 'sUsAITA-voiasa', '15224', 'CUCAITA - Boyacá'),
	(223, '226', 'CUÍTIVA', 1259, '15', 'sUiTIVA', 'voiasa', 'sUiTIVA-voiasa', '15226', 'CUÍTIVA - Boyacá'),
	(224, '232', 'CHÍQUIZA', 1259, '15', 'siQUIsA', 'voiasa', 'siQUIsA-voiasa', '15232', 'CHÍQUIZA - Boyacá'),
	(225, '236', 'CHIVOR', 1259, '15', 'sIVOR', 'voiasa', 'sIVOR-voiasa', '15236', 'CHIVOR - Boyacá'),
	(226, '238', 'DUITAMA', 1259, '15', 'DUITAnA', 'voiasa', 'DUITAnA-voiasa', '15238', 'DUITAMA - Boyacá'),
	(227, '244', 'EL COCUY', 1259, '15', 'EL sOsUi', 'voiasa', 'EL sOsUi-voiasa', '15244', 'EL COCUY - Boyacá'),
	(228, '248', 'EL ESPINO', 1259, '15', 'EL ESPINO', 'voiasa', 'EL ESPINO-voiasa', '15248', 'EL ESPINO - Boyacá'),
	(229, '272', 'FIRAVITOBA', 1259, '15', 'FIRAVITOvA', 'voiasa', 'FIRAVITOvA-voiasa', '15272', 'FIRAVITOBA - Boyacá'),
	(230, '276', 'FLORESTA', 1259, '15', 'FLORESTA', 'voiasa', 'FLORESTA-voiasa', '15276', 'FLORESTA - Boyacá'),
	(231, '293', 'GACHANTIVÁ', 1259, '15', 'jAsANTIVa', 'voiasa', 'jAsANTIVa-voiasa', '15293', 'GACHANTIVÁ - Boyacá'),
	(232, '296', 'GAMEZA', 1259, '15', 'jAnEsA', 'voiasa', 'jAnEsA-voiasa', '15296', 'GAMEZA - Boyacá'),
	(233, '299', 'GARAGOA', 1259, '15', 'jARAjOA', 'voiasa', 'jARAjOA-voiasa', '15299', 'GARAGOA - Boyacá'),
	(234, '317', 'GUACAMAYAS', 1259, '15', 'jUAsAnAiAS', 'voiasa', 'jUAsAnAiAS-voiasa', '15317', 'GUACAMAYAS - Boyacá'),
	(235, '322', 'GUATEQUE', 1259, '15', 'jUATEQUE', 'voiasa', 'jUATEQUE-voiasa', '15322', 'GUATEQUE - Boyacá'),
	(236, '325', 'GUAYATÁ', 1259, '15', 'jUAiATa', 'voiasa', 'jUAiATa-voiasa', '15325', 'GUAYATÁ - Boyacá'),
	(237, '332', 'GÜICÁN', 1259, '15', 'jÜIsaN', 'voiasa', 'jÜIsaN-voiasa', '15332', 'GÜICÁN - Boyacá'),
	(238, '362', 'IZA', 1259, '15', 'IsA', 'voiasa', 'IsA-voiasa', '15362', 'IZA - Boyacá'),
	(239, '367', 'JENESANO', 1259, '15', 'JENESANO', 'voiasa', 'JENESANO-voiasa', '15367', 'JENESANO - Boyacá'),
	(240, '368', 'JERICÓ', 1259, '15', 'JERIso', 'voiasa', 'JERIso-voiasa', '15368', 'JERICÓ - Boyacá'),
	(241, '377', 'LABRANZAGRANDE', 1259, '15', 'LAvRANsAjRANDE', 'voiasa', 'LAvRANsAjRANDE-voiasa', '15377', 'LABRANZAGRANDE - Boyacá'),
	(242, '380', 'LA CAPILLA', 1259, '15', 'LA sAPIiA', 'voiasa', 'LA sAPIiA-voiasa', '15380', 'LA CAPILLA - Boyacá'),
	(243, '401', 'LA VICTORIA', 1259, '15', 'LA VIsTORIA', 'voiasa', 'LA VIsTORIA-voiasa', '15401', 'LA VICTORIA - Boyacá'),
	(244, '403', 'LA UVITA', 1259, '15', 'LA UVITA', 'voiasa', 'LA UVITA-voiasa', '15403', 'LA UVITA - Boyacá'),
	(245, '407', 'VILLA DE LEYVA', 1259, '15', 'VIiA DE LEiVA', 'voiasa', 'VIiA DE LEiVA-voiasa', '15407', 'VILLA DE LEYVA - Boyacá'),
	(246, '425', 'MACANAL', 1259, '15', 'nAsANAL', 'voiasa', 'nAsANAL-voiasa', '15425', 'MACANAL - Boyacá'),
	(247, '442', 'MARIPÍ', 1259, '15', 'nARIPi', 'voiasa', 'nARIPi-voiasa', '15442', 'MARIPÍ - Boyacá'),
	(248, '455', 'MIRAFLORES', 1259, '15', 'nIRAFLORES', 'voiasa', 'nIRAFLORES-voiasa', '15455', 'MIRAFLORES - Boyacá'),
	(249, '464', 'MONGUA', 1259, '15', 'nONjUA', 'voiasa', 'nONjUA-voiasa', '15464', 'MONGUA - Boyacá'),
	(250, '466', 'MONGUÍ', 1259, '15', 'nONjUi', 'voiasa', 'nONjUi-voiasa', '15466', 'MONGUÍ - Boyacá'),
	(251, '469', 'MONIQUIRÁ', 1259, '15', 'nONIQUIRa', 'voiasa', 'nONIQUIRa-voiasa', '15469', 'MONIQUIRÁ - Boyacá'),
	(252, '476', 'MOTAVITA', 1259, '15', 'nOTAVITA', 'voiasa', 'nOTAVITA-voiasa', '15476', 'MOTAVITA - Boyacá'),
	(253, '480', 'MUZO', 1259, '15', 'nUsO', 'voiasa', 'nUsO-voiasa', '15480', 'MUZO - Boyacá'),
	(254, '491', 'NOBSA', 1259, '15', 'NOvSA', 'voiasa', 'NOvSA-voiasa', '15491', 'NOBSA - Boyacá'),
	(255, '494', 'NUEVO COLÓN', 1259, '15', 'NUEVO sOLoN', 'voiasa', 'NUEVO sOLoN-voiasa', '15494', 'NUEVO COLÓN - Boyacá'),
	(256, '500', 'OICATÁ', 1259, '15', 'OIsATa', 'voiasa', 'OIsATa-voiasa', '15500', 'OICATÁ - Boyacá'),
	(257, '507', 'OTANCHE', 1259, '15', 'OTANsE', 'voiasa', 'OTANsE-voiasa', '15507', 'OTANCHE - Boyacá'),
	(258, '511', 'PACHAVITA', 1259, '15', 'PAsAVITA', 'voiasa', 'PAsAVITA-voiasa', '15511', 'PACHAVITA - Boyacá'),
	(259, '514', 'PÁEZ', 1259, '15', 'PaEs', 'voiasa', 'PaEs-voiasa', '15514', 'PÁEZ - Boyacá'),
	(260, '516', 'PAIPA', 1259, '15', 'PAIPA', 'voiasa', 'PAIPA-voiasa', '15516', 'PAIPA - Boyacá'),
	(261, '518', 'PAJARITO', 1259, '15', 'PAJARITO', 'voiasa', 'PAJARITO-voiasa', '15518', 'PAJARITO - Boyacá'),
	(262, '522', 'PANQUEBA', 1259, '15', 'PANQUEvA', 'voiasa', 'PANQUEvA-voiasa', '15522', 'PANQUEBA - Boyacá'),
	(263, '531', 'PAUNA', 1259, '15', 'PAUNA', 'voiasa', 'PAUNA-voiasa', '15531', 'PAUNA - Boyacá'),
	(264, '533', 'PAYA', 1259, '15', 'PAiA', 'voiasa', 'PAiA-voiasa', '15533', 'PAYA - Boyacá'),
	(265, '537', 'PAZ DE RÍO', 1259, '15', 'PAs DE RiO', 'voiasa', 'PAs DE RiO-voiasa', '15537', 'PAZ DE RÍO - Boyacá'),
	(266, '542', 'PESCA', 1259, '15', 'PESsA', 'voiasa', 'PESsA-voiasa', '15542', 'PESCA - Boyacá'),
	(267, '550', 'PISBA', 1259, '15', 'PISvA', 'voiasa', 'PISvA-voiasa', '15550', 'PISBA - Boyacá'),
	(268, '572', 'PUERTO BOYACÁ', 1259, '15', 'PUERTO vOiAsa', 'voiasa', 'PUERTO vOiAsa-voiasa', '15572', 'PUERTO BOYACÁ - Boyacá'),
	(269, '580', 'QUÍPAMA', 1259, '15', 'QUiPAnA', 'voiasa', 'QUiPAnA-voiasa', '15580', 'QUÍPAMA - Boyacá'),
	(270, '599', 'RAMIRIQUÍ', 1259, '15', 'RAnIRIQUi', 'voiasa', 'RAnIRIQUi-voiasa', '15599', 'RAMIRIQUÍ - Boyacá'),
	(271, '600', 'RÁQUIRA', 1259, '15', 'RaQUIRA', 'voiasa', 'RaQUIRA-voiasa', '15600', 'RÁQUIRA - Boyacá'),
	(272, '621', 'RONDÓN', 1259, '15', 'RONDoN', 'voiasa', 'RONDoN-voiasa', '15621', 'RONDÓN - Boyacá'),
	(273, '632', 'SABOYÁ', 1259, '15', 'SAvOia', 'voiasa', 'SAvOia-voiasa', '15632', 'SABOYÁ - Boyacá'),
	(274, '638', 'SÁCHICA', 1259, '15', 'SasIsA', 'voiasa', 'SasIsA-voiasa', '15638', 'SÁCHICA - Boyacá'),
	(275, '646', 'SAMACÁ', 1259, '15', 'SAnAsa', 'voiasa', 'SAnAsa-voiasa', '15646', 'SAMACÁ - Boyacá'),
	(276, '660', 'SAN EDUARDO', 1259, '15', 'SAN EDUARDO', 'voiasa', 'SAN EDUARDO-voiasa', '15660', 'SAN EDUARDO - Boyacá'),
	(277, '664', 'SAN JOSÉ DE PARE', 1259, '15', 'SAN JOSe DE PARE', 'voiasa', 'SAN JOSe DE PARE-voiasa', '15664', 'SAN JOSÉ DE PARE - Boyacá'),
	(278, '667', 'SAN LUIS DE GACENO', 1259, '15', 'SAN LUIS DE jAsENO', 'voiasa', 'SAN LUIS DE jAsENO-voiasa', '15667', 'SAN LUIS DE GACENO - Boyacá'),
	(279, '673', 'SAN MATEO', 1259, '15', 'SAN nATEO', 'voiasa', 'SAN nATEO-voiasa', '15673', 'SAN MATEO - Boyacá'),
	(280, '676', 'SAN MIGUEL DE SEMA', 1259, '15', 'SAN nIjUEL DE SEnA', 'voiasa', 'SAN nIjUEL DE SEnA-voiasa', '15676', 'SAN MIGUEL DE SEMA - Boyacá'),
	(281, '681', 'SAN PABLO DE BORBUR', 1259, '15', 'SAN PAvLO DE vORvUR', 'voiasa', 'SAN PAvLO DE vORvUR-voiasa', '15681', 'SAN PABLO DE BORBUR - Boyacá'),
	(282, '686', 'SANTANA', 1259, '15', 'SANTANA', 'voiasa', 'SANTANA-voiasa', '15686', 'SANTANA - Boyacá'),
	(283, '690', 'SANTA MARÍA', 1259, '15', 'SANTA nARiA', 'voiasa', 'SANTA nARiA-voiasa', '15690', 'SANTA MARÍA - Boyacá'),
	(284, '693', 'SANTA ROSA DE VITERBO', 1259, '15', 'SANTA ROSA DE VITERvO', 'voiasa', 'SANTA ROSA DE VITERvO-voiasa', '15693', 'SANTA ROSA DE VITERBO - Boyacá'),
	(285, '696', 'SANTA SOFÍA', 1259, '15', 'SANTA SOFiA', 'voiasa', 'SANTA SOFiA-voiasa', '15696', 'SANTA SOFÍA - Boyacá'),
	(286, '720', 'SATIVANORTE', 1259, '15', 'SATIVANORTE', 'voiasa', 'SATIVANORTE-voiasa', '15720', 'SATIVANORTE - Boyacá'),
	(287, '723', 'SATIVASUR', 1259, '15', 'SATIVASUR', 'voiasa', 'SATIVASUR-voiasa', '15723', 'SATIVASUR - Boyacá'),
	(288, '740', 'SIACHOQUE', 1259, '15', 'SIAsOQUE', 'voiasa', 'SIAsOQUE-voiasa', '15740', 'SIACHOQUE - Boyacá'),
	(289, '753', 'SOATÁ', 1259, '15', 'SOATa', 'voiasa', 'SOATa-voiasa', '15753', 'SOATÁ - Boyacá'),
	(290, '755', 'SOCOTÁ', 1259, '15', 'SOsOTa', 'voiasa', 'SOsOTa-voiasa', '15755', 'SOCOTÁ - Boyacá'),
	(291, '757', 'SOCHA', 1259, '15', 'SOsA', 'voiasa', 'SOsA-voiasa', '15757', 'SOCHA - Boyacá'),
	(292, '759', 'SOGAMOSO', 1259, '15', 'SOjAnOSO', 'voiasa', 'SOjAnOSO-voiasa', '15759', 'SOGAMOSO - Boyacá'),
	(293, '761', 'SOMONDOCO', 1259, '15', 'SOnONDOsO', 'voiasa', 'SOnONDOsO-voiasa', '15761', 'SOMONDOCO - Boyacá'),
	(294, '762', 'SORA', 1259, '15', 'SORA', 'voiasa', 'SORA-voiasa', '15762', 'SORA - Boyacá'),
	(295, '763', 'SOTAQUIRÁ', 1259, '15', 'SOTAQUIRa', 'voiasa', 'SOTAQUIRa-voiasa', '15763', 'SOTAQUIRÁ - Boyacá'),
	(296, '764', 'SORACÁ', 1259, '15', 'SORAsa', 'voiasa', 'SORAsa-voiasa', '15764', 'SORACÁ - Boyacá'),
	(297, '774', 'SUSACÓN', 1259, '15', 'SUSAsoN', 'voiasa', 'SUSAsoN-voiasa', '15774', 'SUSACÓN - Boyacá'),
	(298, '776', 'SUTAMARCHÁN', 1259, '15', 'SUTAnARsaN', 'voiasa', 'SUTAnARsaN-voiasa', '15776', 'SUTAMARCHÁN - Boyacá'),
	(299, '778', 'SUTATENZA', 1259, '15', 'SUTATENsA', 'voiasa', 'SUTATENsA-voiasa', '15778', 'SUTATENZA - Boyacá'),
	(300, '790', 'TASCO', 1259, '15', 'TASsO', 'voiasa', 'TASsO-voiasa', '15790', 'TASCO - Boyacá'),
	(301, '798', 'TENZA', 1259, '15', 'TENsA', 'voiasa', 'TENsA-voiasa', '15798', 'TENZA - Boyacá'),
	(302, '804', 'TIBANÁ', 1259, '15', 'TIvANa', 'voiasa', 'TIvANa-voiasa', '15804', 'TIBANÁ - Boyacá'),
	(303, '806', 'TIBASOSA', 1259, '15', 'TIvASOSA', 'voiasa', 'TIvASOSA-voiasa', '15806', 'TIBASOSA - Boyacá'),
	(304, '808', 'TINJACÁ', 1259, '15', 'TINJAsa', 'voiasa', 'TINJAsa-voiasa', '15808', 'TINJACÁ - Boyacá'),
	(305, '810', 'TIPACOQUE', 1259, '15', 'TIPAsOQUE', 'voiasa', 'TIPAsOQUE-voiasa', '15810', 'TIPACOQUE - Boyacá'),
	(306, '814', 'TOCA', 1259, '15', 'TOsA', 'voiasa', 'TOsA-voiasa', '15814', 'TOCA - Boyacá'),
	(307, '816', 'TOGÜÍ', 1259, '15', 'TOjÜi', 'voiasa', 'TOjÜi-voiasa', '15816', 'TOGÜÍ - Boyacá'),
	(308, '820', 'TÓPAGA', 1259, '15', 'ToPAjA', 'voiasa', 'ToPAjA-voiasa', '15820', 'TÓPAGA - Boyacá'),
	(309, '822', 'TOTA', 1259, '15', 'TOTA', 'voiasa', 'TOTA-voiasa', '15822', 'TOTA - Boyacá'),
	(310, '832', 'TUNUNGUÁ', 1259, '15', 'TUNUNjUa', 'voiasa', 'TUNUNjUa-voiasa', '15832', 'TUNUNGUÁ - Boyacá'),
	(311, '835', 'TURMEQUÉ', 1259, '15', 'TURnEQUe', 'voiasa', 'TURnEQUe-voiasa', '15835', 'TURMEQUÉ - Boyacá'),
	(312, '837', 'TUTA', 1259, '15', 'TUTA', 'voiasa', 'TUTA-voiasa', '15837', 'TUTA - Boyacá'),
	(313, '839', 'TUTAZÁ', 1259, '15', 'TUTAsa', 'voiasa', 'TUTAsa-voiasa', '15839', 'TUTAZÁ - Boyacá'),
	(314, '842', 'UMBITA', 1259, '15', 'UnvITA', 'voiasa', 'UnvITA-voiasa', '15842', 'UMBITA - Boyacá'),
	(315, '861', 'VENTAQUEMADA', 1259, '15', 'VENTAQUEnADA', 'voiasa', 'VENTAQUEnADA-voiasa', '15861', 'VENTAQUEMADA - Boyacá'),
	(316, '879', 'VIRACACHÁ', 1259, '15', 'VIRAsAsa', 'voiasa', 'VIRAsAsa-voiasa', '15879', 'VIRACACHÁ - Boyacá'),
	(317, '897', 'ZETAQUIRA', 1259, '15', 'sETAQUIRA', 'voiasa', 'sETAQUIRA-voiasa', '15897', 'ZETAQUIRA - Boyacá'),
	(318, '001', 'MANIZALES', 1260, '17', 'nANIsALES', 'saldas', 'nANIsALES-saldas', '17001', 'MANIZALES - Caldas'),
	(319, '013', 'AGUADAS', 1260, '17', 'AjUADAS', 'saldas', 'AjUADAS-saldas', '17013', 'AGUADAS - Caldas'),
	(320, '042', 'ANSERMA', 1260, '17', 'ANSERnA', 'saldas', 'ANSERnA-saldas', '17042', 'ANSERMA - Caldas'),
	(321, '050', 'ARANZAZU', 1260, '17', 'ARANsAsU', 'saldas', 'ARANsAsU-saldas', '17050', 'ARANZAZU - Caldas'),
	(322, '088', 'BELALCÁZAR', 1260, '17', 'vELALsasAR', 'saldas', 'vELALsasAR-saldas', '17088', 'BELALCÁZAR - Caldas'),
	(323, '174', 'CHINCHINÁ', 1260, '17', 'sINsINa', 'saldas', 'sINsINa-saldas', '17174', 'CHINCHINÁ - Caldas'),
	(324, '272', 'FILADELFIA', 1260, '17', 'FILADELFIA', 'saldas', 'FILADELFIA-saldas', '17272', 'FILADELFIA - Caldas'),
	(325, '380', 'LA DORADA', 1260, '17', 'LA DORADA', 'saldas', 'LA DORADA-saldas', '17380', 'LA DORADA - Caldas'),
	(326, '388', 'LA MERCED', 1260, '17', 'LA nERsED', 'saldas', 'LA nERsED-saldas', '17388', 'LA MERCED - Caldas'),
	(327, '433', 'MANZANARES', 1260, '17', 'nANsANARES', 'saldas', 'nANsANARES-saldas', '17433', 'MANZANARES - Caldas'),
	(328, '442', 'MARMATO', 1260, '17', 'nARnATO', 'saldas', 'nARnATO-saldas', '17442', 'MARMATO - Caldas'),
	(329, '444', 'MARQUETALIA', 1260, '17', 'nARQUETALIA', 'saldas', 'nARQUETALIA-saldas', '17444', 'MARQUETALIA - Caldas'),
	(330, '446', 'MARULANDA', 1260, '17', 'nARULANDA', 'saldas', 'nARULANDA-saldas', '17446', 'MARULANDA - Caldas'),
	(331, '486', 'NEIRA', 1260, '17', 'NEIRA', 'saldas', 'NEIRA-saldas', '17486', 'NEIRA - Caldas'),
	(332, '495', 'NORCASIA', 1260, '17', 'NORsASIA', 'saldas', 'NORsASIA-saldas', '17495', 'NORCASIA - Caldas'),
	(333, '513', 'PÁCORA', 1260, '17', 'PasORA', 'saldas', 'PasORA-saldas', '17513', 'PÁCORA - Caldas'),
	(334, '524', 'PALESTINA', 1260, '17', 'PALESTINA', 'saldas', 'PALESTINA-saldas', '17524', 'PALESTINA - Caldas'),
	(335, '541', 'PENSILVANIA', 1260, '17', 'PENSILVANIA', 'saldas', 'PENSILVANIA-saldas', '17541', 'PENSILVANIA - Caldas'),
	(336, '614', 'RIOSUCIO', 1260, '17', 'RIOSUsIO', 'saldas', 'RIOSUsIO-saldas', '17614', 'RIOSUCIO - Caldas'),
	(337, '616', 'RISARALDA', 1260, '17', 'RISARALDA', 'saldas', 'RISARALDA-saldas', '17616', 'RISARALDA - Caldas'),
	(338, '653', 'SALAMINA', 1260, '17', 'SALAnINA', 'saldas', 'SALAnINA-saldas', '17653', 'SALAMINA - Caldas'),
	(339, '662', 'SAMANÁ', 1260, '17', 'SAnANa', 'saldas', 'SAnANa-saldas', '17662', 'SAMANÁ - Caldas'),
	(340, '665', 'SAN JOSÉ', 1260, '17', 'SAN JOSe', 'saldas', 'SAN JOSe-saldas', '17665', 'SAN JOSÉ - Caldas'),
	(341, '777', 'SUPÍA', 1260, '17', 'SUPiA', 'saldas', 'SUPiA-saldas', '17777', 'SUPÍA - Caldas'),
	(342, '867', 'VICTORIA', 1260, '17', 'VIsTORIA', 'saldas', 'VIsTORIA-saldas', '17867', 'VICTORIA - Caldas'),
	(343, '873', 'VILLAMARÍA', 1260, '17', 'VIiAnARiA', 'saldas', 'VIiAnARiA-saldas', '17873', 'VILLAMARÍA - Caldas'),
	(344, '877', 'VITERBO', 1260, '17', 'VITERvO', 'saldas', 'VITERvO-saldas', '17877', 'VITERBO - Caldas'),
	(345, '001', 'FLORENCIA', 1261, '18', 'FLORENsIA', 'saqueta', 'FLORENsIA-saqueta', '18001', 'FLORENCIA - Caquetá'),
	(346, '029', 'ALBANIA', 1261, '18', 'ALvANIA', 'saqueta', 'ALvANIA-saqueta', '18029', 'ALBANIA - Caquetá'),
	(347, '094', 'BELÉN DE LOS ANDAQUÍES', 1261, '18', 'vELeN DE LOS ANDAQUiES', 'saqueta', 'vELeN DE LOS ANDAQUiES-saqueta', '18094', 'BELÉN DE LOS ANDAQUÍES - Caquetá'),
	(348, '150', 'CARTAGENA DEL CHAIRÁ', 1261, '18', 'sARTAjENA DEL sAIRa', 'saqueta', 'sARTAjENA DEL sAIRa-saqueta', '18150', 'CARTAGENA DEL CHAIRÁ - Caquetá'),
	(349, '205', 'CURILLO', 1261, '18', 'sURIiO', 'saqueta', 'sURIiO-saqueta', '18205', 'CURILLO - Caquetá'),
	(350, '247', 'EL DONCELLO', 1261, '18', 'EL DONsEiO', 'saqueta', 'EL DONsEiO-saqueta', '18247', 'EL DONCELLO - Caquetá'),
	(351, '256', 'EL PAUJIL', 1261, '18', 'EL PAUJIL', 'saqueta', 'EL PAUJIL-saqueta', '18256', 'EL PAUJIL - Caquetá'),
	(352, '410', 'LA MONTAÑITA', 1261, '18', 'LA nONTAnITA', 'saqueta', 'LA nONTAnITA-saqueta', '18410', 'LA MONTAÑITA - Caquetá'),
	(353, '460', 'MILÁN', 1261, '18', 'nILaN', 'saqueta', 'nILaN-saqueta', '18460', 'MILÁN - Caquetá'),
	(354, '479', 'MORELIA', 1261, '18', 'nORELIA', 'saqueta', 'nORELIA-saqueta', '18479', 'MORELIA - Caquetá'),
	(355, '592', 'PUERTO RICO', 1261, '18', 'PUERTO RIsO', 'saqueta', 'PUERTO RIsO-saqueta', '18592', 'PUERTO RICO - Caquetá'),
	(356, '610', 'SAN JOSÉ DEL FRAGUA', 1261, '18', 'SAN JOSe DEL FRAjUA', 'saqueta', 'SAN JOSe DEL FRAjUA-saqueta', '18610', 'SAN JOSÉ DEL FRAGUA - Caquetá'),
	(357, '753', 'SAN VICENTE DEL CAGUÁN', 1261, '18', 'SAN VIsENTE DEL sAjUaN', 'saqueta', 'SAN VIsENTE DEL sAjUaN-saqueta', '18753', 'SAN VICENTE DEL CAGUÁN - Caquetá'),
	(358, '756', 'SOLANO', 1261, '18', 'SOLANO', 'saqueta', 'SOLANO-saqueta', '18756', 'SOLANO - Caquetá'),
	(359, '785', 'SOLITA', 1261, '18', 'SOLITA', 'saqueta', 'SOLITA-saqueta', '18785', 'SOLITA - Caquetá'),
	(360, '860', 'VALPARAÍSO', 1261, '18', 'VALPARAiSO', 'saqueta', 'VALPARAiSO-saqueta', '18860', 'VALPARAÍSO - Caquetá'),
	(361, '001', 'POPAYÁN', 1262, '19', 'POPAiaN', 'sausa', 'POPAiaN-sausa', '19001', 'POPAYÁN - Cauca'),
	(362, '022', 'ALMAGUER', 1262, '19', 'ALnAjUER', 'sausa', 'ALnAjUER-sausa', '19022', 'ALMAGUER - Cauca'),
	(363, '050', 'ARGELIA', 1262, '19', 'ARjELIA', 'sausa', 'ARjELIA-sausa', '19050', 'ARGELIA - Cauca'),
	(364, '075', 'BALBOA', 1262, '19', 'vALvOA', 'sausa', 'vALvOA-sausa', '19075', 'BALBOA - Cauca'),
	(365, '100', 'BOLÍVAR', 1262, '19', 'vOLiVAR', 'sausa', 'vOLiVAR-sausa', '19100', 'BOLÍVAR - Cauca'),
	(366, '110', 'BUENOS AIRES', 1262, '19', 'vUENOS AIRES', 'sausa', 'vUENOS AIRES-sausa', '19110', 'BUENOS AIRES - Cauca'),
	(367, '130', 'CAJIBÍO', 1262, '19', 'sAJIviO', 'sausa', 'sAJIviO-sausa', '19130', 'CAJIBÍO - Cauca'),
	(368, '137', 'CALDONO', 1262, '19', 'sALDONO', 'sausa', 'sALDONO-sausa', '19137', 'CALDONO - Cauca'),
	(369, '142', 'CALOTO', 1262, '19', 'sALOTO', 'sausa', 'sALOTO-sausa', '19142', 'CALOTO - Cauca'),
	(370, '212', 'CORINTO', 1262, '19', 'sORINTO', 'sausa', 'sORINTO-sausa', '19212', 'CORINTO - Cauca'),
	(371, '256', 'EL TAMBO', 1262, '19', 'EL TAnvO', 'sausa', 'EL TAnvO-sausa', '19256', 'EL TAMBO - Cauca'),
	(372, '290', 'FLORENCIA', 1262, '19', 'FLORENsIA', 'sausa', 'FLORENsIA-sausa', '19290', 'FLORENCIA - Cauca'),
	(373, '300', 'GUACHENÉ', 1262, '19', 'jUAsENe', 'sausa', 'jUAsENe-sausa', '19300', 'GUACHENÉ - Cauca'),
	(374, '318', 'GUAPI', 1262, '19', 'jUAPI', 'sausa', 'jUAPI-sausa', '19318', 'GUAPI - Cauca'),
	(375, '355', 'INZÁ', 1262, '19', 'INsa', 'sausa', 'INsa-sausa', '19355', 'INZÁ - Cauca'),
	(376, '364', 'JAMBALÓ', 1262, '19', 'JAnvALo', 'sausa', 'JAnvALo-sausa', '19364', 'JAMBALÓ - Cauca'),
	(377, '392', 'LA SIERRA', 1262, '19', 'LA SIErA', 'sausa', 'LA SIErA-sausa', '19392', 'LA SIERRA - Cauca'),
	(378, '397', 'LA VEGA', 1262, '19', 'LA VEjA', 'sausa', 'LA VEjA-sausa', '19397', 'LA VEGA - Cauca'),
	(379, '418', 'LÓPEZ', 1262, '19', 'LoPEs', 'sausa', 'LoPEs-sausa', '19418', 'LÓPEZ - Cauca'),
	(380, '450', 'MERCADERES', 1262, '19', 'nERsADERES', 'sausa', 'nERsADERES-sausa', '19450', 'MERCADERES - Cauca'),
	(381, '455', 'MIRANDA', 1262, '19', 'nIRANDA', 'sausa', 'nIRANDA-sausa', '19455', 'MIRANDA - Cauca'),
	(382, '473', 'MORALES', 1262, '19', 'nORALES', 'sausa', 'nORALES-sausa', '19473', 'MORALES - Cauca'),
	(383, '513', 'PADILLA', 1262, '19', 'PADIiA', 'sausa', 'PADIiA-sausa', '19513', 'PADILLA - Cauca'),
	(384, '517', 'PAEZ', 1262, '19', 'PAEs', 'sausa', 'PAEs-sausa', '19517', 'PAEZ - Cauca'),
	(385, '532', 'PATÍA', 1262, '19', 'PATiA', 'sausa', 'PATiA-sausa', '19532', 'PATÍA - Cauca'),
	(386, '533', 'PIAMONTE', 1262, '19', 'PIAnONTE', 'sausa', 'PIAnONTE-sausa', '19533', 'PIAMONTE - Cauca'),
	(387, '548', 'PIENDAMÓ', 1262, '19', 'PIENDAno', 'sausa', 'PIENDAno-sausa', '19548', 'PIENDAMÓ - Cauca'),
	(388, '573', 'PUERTO TEJADA', 1262, '19', 'PUERTO TEJADA', 'sausa', 'PUERTO TEJADA-sausa', '19573', 'PUERTO TEJADA - Cauca'),
	(389, '585', 'PURACÉ', 1262, '19', 'PURAse', 'sausa', 'PURAse-sausa', '19585', 'PURACÉ - Cauca'),
	(390, '622', 'ROSAS', 1262, '19', 'ROSAS', 'sausa', 'ROSAS-sausa', '19622', 'ROSAS - Cauca'),
	(391, '693', 'SAN SEBASTIÁN', 1262, '19', 'SAN SEvASTIaN', 'sausa', 'SAN SEvASTIaN-sausa', '19693', 'SAN SEBASTIÁN - Cauca'),
	(392, '698', 'SANTANDER DE QUILICHAO', 1262, '19', 'SANTANDER DE QUILIsAO', 'sausa', 'SANTANDER DE QUILIsAO-sausa', '19698', 'SANTANDER DE QUILICHAO - Cauca'),
	(393, '701', 'SANTA ROSA', 1262, '19', 'SANTA ROSA', 'sausa', 'SANTA ROSA-sausa', '19701', 'SANTA ROSA - Cauca'),
	(394, '743', 'SILVIA', 1262, '19', 'SILVIA', 'sausa', 'SILVIA-sausa', '19743', 'SILVIA - Cauca'),
	(395, '760', 'SOTARÁ', 1262, '19', 'SOTARa', 'sausa', 'SOTARa-sausa', '19760', 'SOTARÁ - Cauca'),
	(396, '780', 'SUÁREZ', 1262, '19', 'SUaREs', 'sausa', 'SUaREs-sausa', '19780', 'SUÁREZ - Cauca'),
	(397, '785', 'SUCRE', 1262, '19', 'SUsRE', 'sausa', 'SUsRE-sausa', '19785', 'SUCRE - Cauca'),
	(398, '807', 'TIMBÍO', 1262, '19', 'TInviO', 'sausa', 'TInviO-sausa', '19807', 'TIMBÍO - Cauca'),
	(399, '809', 'TIMBIQUÍ', 1262, '19', 'TInvIQUi', 'sausa', 'TInvIQUi-sausa', '19809', 'TIMBIQUÍ - Cauca'),
	(400, '821', 'TORIBIO', 1262, '19', 'TORIvIO', 'sausa', 'TORIvIO-sausa', '19821', 'TORIBIO - Cauca'),
	(401, '824', 'TOTORÓ', 1262, '19', 'TOTORo', 'sausa', 'TOTORo-sausa', '19824', 'TOTORÓ - Cauca'),
	(402, '845', 'VILLA RICA', 1262, '19', 'VIiA RIsA', 'sausa', 'VIiA RIsA-sausa', '19845', 'VILLA RICA - Cauca'),
	(403, '001', 'VALLEDUPAR', 1263, '20', 'VAlDUPAR', 'sesar', 'VAlDUPAR-sesar', '20001', 'VALLEDUPAR - Cesar'),
	(404, '011', 'AGUACHICA', 1263, '20', 'AjUAsIsA', 'sesar', 'AjUAsIsA-sesar', '20011', 'AGUACHICA - Cesar'),
	(405, '013', 'AGUSTÍN CODAZZI', 1263, '20', 'AjUSTiN sODAssI', 'sesar', 'AjUSTiN sODAssI-sesar', '20013', 'AGUSTÍN CODAZZI - Cesar'),
	(406, '032', 'ASTREA', 1263, '20', 'ASTREA', 'sesar', 'ASTREA-sesar', '20032', 'ASTREA - Cesar'),
	(407, '045', 'BECERRIL', 1263, '20', 'vEsErIL', 'sesar', 'vEsErIL-sesar', '20045', 'BECERRIL - Cesar'),
	(408, '060', 'BOSCONIA', 1263, '20', 'vOSsONIA', 'sesar', 'vOSsONIA-sesar', '20060', 'BOSCONIA - Cesar'),
	(409, '175', 'CHIMICHAGUA', 1263, '20', 'sInIsAjUA', 'sesar', 'sInIsAjUA-sesar', '20175', 'CHIMICHAGUA - Cesar'),
	(410, '178', 'CHIRIGUANÁ', 1263, '20', 'sIRIjUANa', 'sesar', 'sIRIjUANa-sesar', '20178', 'CHIRIGUANÁ - Cesar'),
	(411, '228', 'CURUMANÍ', 1263, '20', 'sURUnANi', 'sesar', 'sURUnANi-sesar', '20228', 'CURUMANÍ - Cesar'),
	(412, '238', 'EL COPEY', 1263, '20', 'EL sOPEi', 'sesar', 'EL sOPEi-sesar', '20238', 'EL COPEY - Cesar'),
	(413, '250', 'EL PASO', 1263, '20', 'EL PASO', 'sesar', 'EL PASO-sesar', '20250', 'EL PASO - Cesar'),
	(414, '295', 'GAMARRA', 1263, '20', 'jAnArA', 'sesar', 'jAnArA-sesar', '20295', 'GAMARRA - Cesar'),
	(415, '310', 'GONZÁLEZ', 1263, '20', 'jONsaLEs', 'sesar', 'jONsaLEs-sesar', '20310', 'GONZÁLEZ - Cesar'),
	(416, '383', 'LA GLORIA', 1263, '20', 'LA jLORIA', 'sesar', 'LA jLORIA-sesar', '20383', 'LA GLORIA - Cesar'),
	(417, '400', 'LA JAGUA DE IBIRICO', 1263, '20', 'LA JAjUA DE IvIRIsO', 'sesar', 'LA JAjUA DE IvIRIsO-sesar', '20400', 'LA JAGUA DE IBIRICO - Cesar'),
	(418, '443', 'MANAURE', 1263, '20', 'nANAURE', 'sesar', 'nANAURE-sesar', '20443', 'MANAURE - Cesar'),
	(419, '517', 'PAILITAS', 1263, '20', 'PAILITAS', 'sesar', 'PAILITAS-sesar', '20517', 'PAILITAS - Cesar'),
	(420, '550', 'PELAYA', 1263, '20', 'PELAiA', 'sesar', 'PELAiA-sesar', '20550', 'PELAYA - Cesar'),
	(421, '570', 'PUEBLO BELLO', 1263, '20', 'PUEvLO vEiO', 'sesar', 'PUEvLO vEiO-sesar', '20570', 'PUEBLO BELLO - Cesar'),
	(422, '614', 'RÍO DE ORO', 1263, '20', 'RiO DE ORO', 'sesar', 'RiO DE ORO-sesar', '20614', 'RÍO DE ORO - Cesar'),
	(423, '621', 'LA PAZ', 1263, '20', 'LA PAs', 'sesar', 'LA PAs-sesar', '20621', 'LA PAZ - Cesar'),
	(424, '710', 'SAN ALBERTO', 1263, '20', 'SAN ALvERTO', 'sesar', 'SAN ALvERTO-sesar', '20710', 'SAN ALBERTO - Cesar'),
	(425, '750', 'SAN DIEGO', 1263, '20', 'SAN DIEjO', 'sesar', 'SAN DIEjO-sesar', '20750', 'SAN DIEGO - Cesar'),
	(426, '770', 'SAN MARTÍN', 1263, '20', 'SAN nARTiN', 'sesar', 'SAN nARTiN-sesar', '20770', 'SAN MARTÍN - Cesar'),
	(427, '787', 'TAMALAMEQUE', 1263, '20', 'TAnALAnEQUE', 'sesar', 'TAnALAnEQUE-sesar', '20787', 'TAMALAMEQUE - Cesar'),
	(428, '001', 'MONTERÍA', 1264, '23', 'nONTERiA', 'sordova', 'nONTERiA-sordova', '23001', 'MONTERÍA - Córdoba'),
	(429, '068', 'AYAPEL', 1264, '23', 'AiAPEL', 'sordova', 'AiAPEL-sordova', '23068', 'AYAPEL - Córdoba'),
	(430, '079', 'BUENAVISTA', 1264, '23', 'vUENAVISTA', 'sordova', 'vUENAVISTA-sordova', '23079', 'BUENAVISTA - Córdoba'),
	(431, '090', 'CANALETE', 1264, '23', 'sANALETE', 'sordova', 'sANALETE-sordova', '23090', 'CANALETE - Córdoba'),
	(432, '162', 'CERETÉ', 1264, '23', 'sERETe', 'sordova', 'sERETe-sordova', '23162', 'CERETÉ - Córdoba'),
	(433, '168', 'CHIMÁ', 1264, '23', 'sIna', 'sordova', 'sIna-sordova', '23168', 'CHIMÁ - Córdoba'),
	(434, '182', 'CHINÚ', 1264, '23', 'sINu', 'sordova', 'sINu-sordova', '23182', 'CHINÚ - Córdoba'),
	(435, '189', 'CIÉNAGA DE ORO', 1264, '23', 'sIeNAjA DE ORO', 'sordova', 'sIeNAjA DE ORO-sordova', '23189', 'CIÉNAGA DE ORO - Córdoba'),
	(436, '300', 'COTORRA', 1264, '23', 'sOTOrA', 'sordova', 'sOTOrA-sordova', '23300', 'COTORRA - Córdoba'),
	(437, '350', 'LA APARTADA', 1264, '23', 'LA APARTADA', 'sordova', 'LA APARTADA-sordova', '23350', 'LA APARTADA - Córdoba'),
	(438, '417', 'LORICA', 1264, '23', 'LORIsA', 'sordova', 'LORIsA-sordova', '23417', 'LORICA - Córdoba'),
	(439, '419', 'LOS CÓRDOBAS', 1264, '23', 'LOS soRDOvAS', 'sordova', 'LOS soRDOvAS-sordova', '23419', 'LOS CÓRDOBAS - Córdoba'),
	(440, '464', 'MOMIL', 1264, '23', 'nOnIL', 'sordova', 'nOnIL-sordova', '23464', 'MOMIL - Córdoba'),
	(441, '466', 'MONTELÍBANO', 1264, '23', 'nONTELivANO', 'sordova', 'nONTELivANO-sordova', '23466', 'MONTELÍBANO - Córdoba'),
	(442, '500', 'MOÑITOS', 1264, '23', 'nOnITOS', 'sordova', 'nOnITOS-sordova', '23500', 'MOÑITOS - Córdoba'),
	(443, '555', 'PLANETA RICA', 1264, '23', 'PLANETA RIsA', 'sordova', 'PLANETA RIsA-sordova', '23555', 'PLANETA RICA - Córdoba'),
	(444, '570', 'PUEBLO NUEVO', 1264, '23', 'PUEvLO NUEVO', 'sordova', 'PUEvLO NUEVO-sordova', '23570', 'PUEBLO NUEVO - Córdoba'),
	(445, '574', 'PUERTO ESCONDIDO', 1264, '23', 'PUERTO ESsONDIDO', 'sordova', 'PUERTO ESsONDIDO-sordova', '23574', 'PUERTO ESCONDIDO - Córdoba'),
	(446, '580', 'PUERTO LIBERTADOR', 1264, '23', 'PUERTO LIvERTADOR', 'sordova', 'PUERTO LIvERTADOR-sordova', '23580', 'PUERTO LIBERTADOR - Córdoba'),
	(447, '586', 'PURÍSIMA', 1264, '23', 'PURiSInA', 'sordova', 'PURiSInA-sordova', '23586', 'PURÍSIMA - Córdoba'),
	(448, '660', 'SAHAGÚN', 1264, '23', 'SAAjuN', 'sordova', 'SAAjuN-sordova', '23660', 'SAHAGÚN - Córdoba'),
	(449, '670', 'SAN ANDRÉS SOTAVENTO', 1264, '23', 'SAN ANDReS SOTAVENTO', 'sordova', 'SAN ANDReS SOTAVENTO-sordova', '23670', 'SAN ANDRÉS SOTAVENTO - Córdoba'),
	(450, '672', 'SAN ANTERO', 1264, '23', 'SAN ANTERO', 'sordova', 'SAN ANTERO-sordova', '23672', 'SAN ANTERO - Córdoba'),
	(451, '675', 'SAN BERNARDO DEL VIENTO', 1264, '23', 'SAN vERNARDO DEL VIENTO', 'sordova', 'SAN vERNARDO DEL VIENTO-sordova', '23675', 'SAN BERNARDO DEL VIENTO - Córdoba'),
	(452, '678', 'SAN CARLOS', 1264, '23', 'SAN sARLOS', 'sordova', 'SAN sARLOS-sordova', '23678', 'SAN CARLOS - Córdoba'),
	(453, '686', 'SAN PELAYO', 1264, '23', 'SAN PELAiO', 'sordova', 'SAN PELAiO-sordova', '23686', 'SAN PELAYO - Córdoba'),
	(454, '807', 'TIERRALTA', 1264, '23', 'TIErALTA', 'sordova', 'TIErALTA-sordova', '23807', 'TIERRALTA - Córdoba'),
	(455, '855', 'VALENCIA', 1264, '23', 'VALENsIA', 'sordova', 'VALENsIA-sordova', '23855', 'VALENCIA - Córdoba'),
	(456, '001', 'AGUA DE DIOS', 1265, '25', 'AjUA DE DIOS', 'sundinanarsa', 'AjUA DE DIOS-sundinanarsa', '25001', 'AGUA DE DIOS - Cundinamarca'),
	(457, '019', 'ALBÁN', 1265, '25', 'ALvaN', 'sundinanarsa', 'ALvaN-sundinanarsa', '25019', 'ALBÁN - Cundinamarca'),
	(458, '035', 'ANAPOIMA', 1265, '25', 'ANAPOInA', 'sundinanarsa', 'ANAPOInA-sundinanarsa', '25035', 'ANAPOIMA - Cundinamarca'),
	(459, '040', 'ANOLAIMA', 1265, '25', 'ANOLAInA', 'sundinanarsa', 'ANOLAInA-sundinanarsa', '25040', 'ANOLAIMA - Cundinamarca'),
	(460, '053', 'ARBELÁEZ', 1265, '25', 'ARvELaEs', 'sundinanarsa', 'ARvELaEs-sundinanarsa', '25053', 'ARBELÁEZ - Cundinamarca'),
	(461, '086', 'BELTRÁN', 1265, '25', 'vELTRaN', 'sundinanarsa', 'vELTRaN-sundinanarsa', '25086', 'BELTRÁN - Cundinamarca'),
	(462, '095', 'BITUIMA', 1265, '25', 'vITUInA', 'sundinanarsa', 'vITUInA-sundinanarsa', '25095', 'BITUIMA - Cundinamarca'),
	(463, '099', 'BOJACÁ', 1265, '25', 'vOJAsa', 'sundinanarsa', 'vOJAsa-sundinanarsa', '25099', 'BOJACÁ - Cundinamarca'),
	(464, '120', 'CABRERA', 1265, '25', 'sAvRERA', 'sundinanarsa', 'sAvRERA-sundinanarsa', '25120', 'CABRERA - Cundinamarca'),
	(465, '123', 'CACHIPAY', 1265, '25', 'sAsIPAi', 'sundinanarsa', 'sAsIPAi-sundinanarsa', '25123', 'CACHIPAY - Cundinamarca'),
	(466, '126', 'CAJICÁ', 1265, '25', 'sAJIsa', 'sundinanarsa', 'sAJIsa-sundinanarsa', '25126', 'CAJICÁ - Cundinamarca'),
	(467, '148', 'CAPARRAPÍ', 1265, '25', 'sAPArAPi', 'sundinanarsa', 'sAPArAPi-sundinanarsa', '25148', 'CAPARRAPÍ - Cundinamarca'),
	(468, '151', 'CAQUEZA', 1265, '25', 'sAQUEsA', 'sundinanarsa', 'sAQUEsA-sundinanarsa', '25151', 'CAQUEZA - Cundinamarca'),
	(469, '154', 'CARMEN DE CARUPA', 1265, '25', 'sARnEN DE sARUPA', 'sundinanarsa', 'sARnEN DE sARUPA-sundinanarsa', '25154', 'CARMEN DE CARUPA - Cundinamarca'),
	(470, '168', 'CHAGUANÍ', 1265, '25', 'sAjUANi', 'sundinanarsa', 'sAjUANi-sundinanarsa', '25168', 'CHAGUANÍ - Cundinamarca'),
	(471, '175', 'CHÍA', 1265, '25', 'siA', 'sundinanarsa', 'siA-sundinanarsa', '25175', 'CHÍA - Cundinamarca'),
	(472, '178', 'CHIPAQUE', 1265, '25', 'sIPAQUE', 'sundinanarsa', 'sIPAQUE-sundinanarsa', '25178', 'CHIPAQUE - Cundinamarca'),
	(473, '181', 'CHOACHÍ', 1265, '25', 'sOAsi', 'sundinanarsa', 'sOAsi-sundinanarsa', '25181', 'CHOACHÍ - Cundinamarca'),
	(474, '183', 'CHOCONTÁ', 1265, '25', 'sOsONTa', 'sundinanarsa', 'sOsONTa-sundinanarsa', '25183', 'CHOCONTÁ - Cundinamarca'),
	(475, '200', 'COGUA', 1265, '25', 'sOjUA', 'sundinanarsa', 'sOjUA-sundinanarsa', '25200', 'COGUA - Cundinamarca'),
	(476, '214', 'COTA', 1265, '25', 'sOTA', 'sundinanarsa', 'sOTA-sundinanarsa', '25214', 'COTA - Cundinamarca'),
	(477, '224', 'CUCUNUBÁ', 1265, '25', 'sUsUNUva', 'sundinanarsa', 'sUsUNUva-sundinanarsa', '25224', 'CUCUNUBÁ - Cundinamarca'),
	(478, '245', 'EL COLEGIO', 1265, '25', 'EL sOLEjIO', 'sundinanarsa', 'EL sOLEjIO-sundinanarsa', '25245', 'EL COLEGIO - Cundinamarca'),
	(479, '258', 'EL PEÑÓN', 1265, '25', 'EL PEnoN', 'sundinanarsa', 'EL PEnoN-sundinanarsa', '25258', 'EL PEÑÓN - Cundinamarca'),
	(480, '260', 'EL ROSAL', 1265, '25', 'EL ROSAL', 'sundinanarsa', 'EL ROSAL-sundinanarsa', '25260', 'EL ROSAL - Cundinamarca'),
	(481, '269', 'FACATATIVÁ', 1265, '25', 'FAsATATIVa', 'sundinanarsa', 'FAsATATIVa-sundinanarsa', '25269', 'FACATATIVÁ - Cundinamarca'),
	(482, '279', 'FOMEQUE', 1265, '25', 'FOnEQUE', 'sundinanarsa', 'FOnEQUE-sundinanarsa', '25279', 'FOMEQUE - Cundinamarca'),
	(483, '281', 'FOSCA', 1265, '25', 'FOSsA', 'sundinanarsa', 'FOSsA-sundinanarsa', '25281', 'FOSCA - Cundinamarca'),
	(484, '286', 'FUNZA', 1265, '25', 'FUNsA', 'sundinanarsa', 'FUNsA-sundinanarsa', '25286', 'FUNZA - Cundinamarca'),
	(485, '288', 'FÚQUENE', 1265, '25', 'FuQUENE', 'sundinanarsa', 'FuQUENE-sundinanarsa', '25288', 'FÚQUENE - Cundinamarca'),
	(486, '290', 'FUSAGASUGÁ', 1265, '25', 'FUSAjASUja', 'sundinanarsa', 'FUSAjASUja-sundinanarsa', '25290', 'FUSAGASUGÁ - Cundinamarca'),
	(487, '293', 'GACHALA', 1265, '25', 'jAsALA', 'sundinanarsa', 'jAsALA-sundinanarsa', '25293', 'GACHALA - Cundinamarca'),
	(488, '295', 'GACHANCIPÁ', 1265, '25', 'jAsANsIPa', 'sundinanarsa', 'jAsANsIPa-sundinanarsa', '25295', 'GACHANCIPÁ - Cundinamarca'),
	(489, '297', 'GACHETÁ', 1265, '25', 'jAsETa', 'sundinanarsa', 'jAsETa-sundinanarsa', '25297', 'GACHETÁ - Cundinamarca'),
	(490, '299', 'GAMA', 1265, '25', 'jAnA', 'sundinanarsa', 'jAnA-sundinanarsa', '25299', 'GAMA - Cundinamarca'),
	(491, '307', 'GIRARDOT', 1265, '25', 'jIRARDOT', 'sundinanarsa', 'jIRARDOT-sundinanarsa', '25307', 'GIRARDOT - Cundinamarca'),
	(492, '312', 'GRANADA', 1265, '25', 'jRANADA', 'sundinanarsa', 'jRANADA-sundinanarsa', '25312', 'GRANADA - Cundinamarca'),
	(493, '317', 'GUACHETÁ', 1265, '25', 'jUAsETa', 'sundinanarsa', 'jUAsETa-sundinanarsa', '25317', 'GUACHETÁ - Cundinamarca'),
	(494, '320', 'GUADUAS', 1265, '25', 'jUADUAS', 'sundinanarsa', 'jUADUAS-sundinanarsa', '25320', 'GUADUAS - Cundinamarca'),
	(495, '322', 'GUASCA', 1265, '25', 'jUASsA', 'sundinanarsa', 'jUASsA-sundinanarsa', '25322', 'GUASCA - Cundinamarca'),
	(496, '324', 'GUATAQUÍ', 1265, '25', 'jUATAQUi', 'sundinanarsa', 'jUATAQUi-sundinanarsa', '25324', 'GUATAQUÍ - Cundinamarca'),
	(497, '326', 'GUATAVITA', 1265, '25', 'jUATAVITA', 'sundinanarsa', 'jUATAVITA-sundinanarsa', '25326', 'GUATAVITA - Cundinamarca'),
	(498, '328', 'GUAYABAL DE SIQUIMA', 1265, '25', 'jUAiAvAL DE SIQUInA', 'sundinanarsa', 'jUAiAvAL DE SIQUInA-sundinanarsa', '25328', 'GUAYABAL DE SIQUIMA - Cundinamarca'),
	(499, '335', 'GUAYABETAL', 1265, '25', 'jUAiAvETAL', 'sundinanarsa', 'jUAiAvETAL-sundinanarsa', '25335', 'GUAYABETAL - Cundinamarca'),
	(500, '339', 'GUTIÉRREZ', 1265, '25', 'jUTIerEs', 'sundinanarsa', 'jUTIerEs-sundinanarsa', '25339', 'GUTIÉRREZ - Cundinamarca'),
	(501, '368', 'JERUSALÉN', 1265, '25', 'JERUSALeN', 'sundinanarsa', 'JERUSALeN-sundinanarsa', '25368', 'JERUSALÉN - Cundinamarca'),
	(502, '372', 'JUNÍN', 1265, '25', 'JUNiN', 'sundinanarsa', 'JUNiN-sundinanarsa', '25372', 'JUNÍN - Cundinamarca'),
	(503, '377', 'LA CALERA', 1265, '25', 'LA sALERA', 'sundinanarsa', 'LA sALERA-sundinanarsa', '25377', 'LA CALERA - Cundinamarca'),
	(504, '386', 'LA MESA', 1265, '25', 'LA nESA', 'sundinanarsa', 'LA nESA-sundinanarsa', '25386', 'LA MESA - Cundinamarca'),
	(505, '394', 'LA PALMA', 1265, '25', 'LA PALnA', 'sundinanarsa', 'LA PALnA-sundinanarsa', '25394', 'LA PALMA - Cundinamarca'),
	(506, '398', 'LA PEÑA', 1265, '25', 'LA PEnA', 'sundinanarsa', 'LA PEnA-sundinanarsa', '25398', 'LA PEÑA - Cundinamarca'),
	(507, '402', 'LA VEGA', 1265, '25', 'LA VEjA', 'sundinanarsa', 'LA VEjA-sundinanarsa', '25402', 'LA VEGA - Cundinamarca'),
	(508, '407', 'LENGUAZAQUE', 1265, '25', 'LENjUAsAQUE', 'sundinanarsa', 'LENjUAsAQUE-sundinanarsa', '25407', 'LENGUAZAQUE - Cundinamarca'),
	(509, '426', 'MACHETA', 1265, '25', 'nAsETA', 'sundinanarsa', 'nAsETA-sundinanarsa', '25426', 'MACHETA - Cundinamarca'),
	(510, '430', 'MADRID', 1265, '25', 'nADRID', 'sundinanarsa', 'nADRID-sundinanarsa', '25430', 'MADRID - Cundinamarca'),
	(511, '436', 'MANTA', 1265, '25', 'nANTA', 'sundinanarsa', 'nANTA-sundinanarsa', '25436', 'MANTA - Cundinamarca'),
	(512, '438', 'MEDINA', 1265, '25', 'nEDINA', 'sundinanarsa', 'nEDINA-sundinanarsa', '25438', 'MEDINA - Cundinamarca'),
	(513, '473', 'MOSQUERA', 1265, '25', 'nOSQUERA', 'sundinanarsa', 'nOSQUERA-sundinanarsa', '25473', 'MOSQUERA - Cundinamarca'),
	(514, '483', 'NARIÑO', 1265, '25', 'NARInO', 'sundinanarsa', 'NARInO-sundinanarsa', '25483', 'NARIÑO - Cundinamarca'),
	(515, '486', 'NEMOCÓN', 1265, '25', 'NEnOsoN', 'sundinanarsa', 'NEnOsoN-sundinanarsa', '25486', 'NEMOCÓN - Cundinamarca'),
	(516, '488', 'NILO', 1265, '25', 'NILO', 'sundinanarsa', 'NILO-sundinanarsa', '25488', 'NILO - Cundinamarca'),
	(517, '489', 'NIMAIMA', 1265, '25', 'NInAInA', 'sundinanarsa', 'NInAInA-sundinanarsa', '25489', 'NIMAIMA - Cundinamarca'),
	(518, '491', 'NOCAIMA', 1265, '25', 'NOsAInA', 'sundinanarsa', 'NOsAInA-sundinanarsa', '25491', 'NOCAIMA - Cundinamarca'),
	(519, '506', 'VENECIA', 1265, '25', 'VENEsIA', 'sundinanarsa', 'VENEsIA-sundinanarsa', '25506', 'VENECIA - Cundinamarca'),
	(520, '513', 'PACHO', 1265, '25', 'PAsO', 'sundinanarsa', 'PAsO-sundinanarsa', '25513', 'PACHO - Cundinamarca'),
	(521, '518', 'PAIME', 1265, '25', 'PAInE', 'sundinanarsa', 'PAInE-sundinanarsa', '25518', 'PAIME - Cundinamarca'),
	(522, '524', 'PANDI', 1265, '25', 'PANDI', 'sundinanarsa', 'PANDI-sundinanarsa', '25524', 'PANDI - Cundinamarca'),
	(523, '530', 'PARATEBUENO', 1265, '25', 'PARATEvUENO', 'sundinanarsa', 'PARATEvUENO-sundinanarsa', '25530', 'PARATEBUENO - Cundinamarca'),
	(524, '535', 'PASCA', 1265, '25', 'PASsA', 'sundinanarsa', 'PASsA-sundinanarsa', '25535', 'PASCA - Cundinamarca'),
	(525, '572', 'PUERTO SALGAR', 1265, '25', 'PUERTO SALjAR', 'sundinanarsa', 'PUERTO SALjAR-sundinanarsa', '25572', 'PUERTO SALGAR - Cundinamarca'),
	(526, '580', 'PULÍ', 1265, '25', 'PULi', 'sundinanarsa', 'PULi-sundinanarsa', '25580', 'PULÍ - Cundinamarca'),
	(527, '592', 'QUEBRADANEGRA', 1265, '25', 'QUEvRADANEjRA', 'sundinanarsa', 'QUEvRADANEjRA-sundinanarsa', '25592', 'QUEBRADANEGRA - Cundinamarca'),
	(528, '594', 'QUETAME', 1265, '25', 'QUETAnE', 'sundinanarsa', 'QUETAnE-sundinanarsa', '25594', 'QUETAME - Cundinamarca'),
	(529, '596', 'QUIPILE', 1265, '25', 'QUIPILE', 'sundinanarsa', 'QUIPILE-sundinanarsa', '25596', 'QUIPILE - Cundinamarca'),
	(530, '599', 'APULO', 1265, '25', 'APULO', 'sundinanarsa', 'APULO-sundinanarsa', '25599', 'APULO - Cundinamarca'),
	(531, '612', 'RICAURTE', 1265, '25', 'RIsAURTE', 'sundinanarsa', 'RIsAURTE-sundinanarsa', '25612', 'RICAURTE - Cundinamarca'),
	(532, '645', 'SAN ANTONIO DEL TEQUENDAMA', 1265, '25', 'SAN ANTONIO DEL TEQUENDAnA', 'sundinanarsa', 'SAN ANTONIO DEL TEQUENDAnA-sundinanarsa', '25645', 'SAN ANTONIO DEL TEQUENDAMA - Cundinamarca'),
	(533, '649', 'SAN BERNARDO', 1265, '25', 'SAN vERNARDO', 'sundinanarsa', 'SAN vERNARDO-sundinanarsa', '25649', 'SAN BERNARDO - Cundinamarca'),
	(534, '653', 'SAN CAYETANO', 1265, '25', 'SAN sAiETANO', 'sundinanarsa', 'SAN sAiETANO-sundinanarsa', '25653', 'SAN CAYETANO - Cundinamarca'),
	(535, '658', 'SAN FRANCISCO', 1265, '25', 'SAN FRANsISsO', 'sundinanarsa', 'SAN FRANsISsO-sundinanarsa', '25658', 'SAN FRANCISCO - Cundinamarca'),
	(536, '662', 'SAN JUAN DE RÍO SECO', 1265, '25', 'SAN JUAN DE RiO SEsO', 'sundinanarsa', 'SAN JUAN DE RiO SEsO-sundinanarsa', '25662', 'SAN JUAN DE RÍO SECO - Cundinamarca'),
	(537, '718', 'SASAIMA', 1265, '25', 'SASAInA', 'sundinanarsa', 'SASAInA-sundinanarsa', '25718', 'SASAIMA - Cundinamarca'),
	(538, '736', 'SESQUILÉ', 1265, '25', 'SESQUILe', 'sundinanarsa', 'SESQUILe-sundinanarsa', '25736', 'SESQUILÉ - Cundinamarca'),
	(539, '740', 'SIBATÉ', 1265, '25', 'SIvATe', 'sundinanarsa', 'SIvATe-sundinanarsa', '25740', 'SIBATÉ - Cundinamarca'),
	(540, '743', 'SILVANIA', 1265, '25', 'SILVANIA', 'sundinanarsa', 'SILVANIA-sundinanarsa', '25743', 'SILVANIA - Cundinamarca'),
	(541, '745', 'SIMIJACA', 1265, '25', 'SInIJAsA', 'sundinanarsa', 'SInIJAsA-sundinanarsa', '25745', 'SIMIJACA - Cundinamarca'),
	(542, '754', 'SOACHA', 1265, '25', 'SOAsA', 'sundinanarsa', 'SOAsA-sundinanarsa', '25754', 'SOACHA - Cundinamarca'),
	(543, '758', 'SOPÓ', 1265, '25', 'SOPo', 'sundinanarsa', 'SOPo-sundinanarsa', '25758', 'SOPÓ - Cundinamarca'),
	(544, '769', 'SUBACHOQUE', 1265, '25', 'SUvAsOQUE', 'sundinanarsa', 'SUvAsOQUE-sundinanarsa', '25769', 'SUBACHOQUE - Cundinamarca'),
	(545, '772', 'SUESCA', 1265, '25', 'SUESsA', 'sundinanarsa', 'SUESsA-sundinanarsa', '25772', 'SUESCA - Cundinamarca'),
	(546, '777', 'SUPATÁ', 1265, '25', 'SUPATa', 'sundinanarsa', 'SUPATa-sundinanarsa', '25777', 'SUPATÁ - Cundinamarca'),
	(547, '779', 'SUSA', 1265, '25', 'SUSA', 'sundinanarsa', 'SUSA-sundinanarsa', '25779', 'SUSA - Cundinamarca'),
	(548, '781', 'SUTATAUSA', 1265, '25', 'SUTATAUSA', 'sundinanarsa', 'SUTATAUSA-sundinanarsa', '25781', 'SUTATAUSA - Cundinamarca'),
	(549, '785', 'TABIO', 1265, '25', 'TAvIO', 'sundinanarsa', 'TAvIO-sundinanarsa', '25785', 'TABIO - Cundinamarca'),
	(550, '793', 'TAUSA', 1265, '25', 'TAUSA', 'sundinanarsa', 'TAUSA-sundinanarsa', '25793', 'TAUSA - Cundinamarca'),
	(551, '797', 'TENA', 1265, '25', 'TENA', 'sundinanarsa', 'TENA-sundinanarsa', '25797', 'TENA - Cundinamarca'),
	(552, '799', 'TENJO', 1265, '25', 'TENJO', 'sundinanarsa', 'TENJO-sundinanarsa', '25799', 'TENJO - Cundinamarca'),
	(553, '805', 'TIBACUY', 1265, '25', 'TIvAsUi', 'sundinanarsa', 'TIvAsUi-sundinanarsa', '25805', 'TIBACUY - Cundinamarca'),
	(554, '807', 'TIBIRITA', 1265, '25', 'TIvIRITA', 'sundinanarsa', 'TIvIRITA-sundinanarsa', '25807', 'TIBIRITA - Cundinamarca'),
	(555, '815', 'TOCAIMA', 1265, '25', 'TOsAInA', 'sundinanarsa', 'TOsAInA-sundinanarsa', '25815', 'TOCAIMA - Cundinamarca'),
	(556, '817', 'TOCANCIPÁ', 1265, '25', 'TOsANsIPa', 'sundinanarsa', 'TOsANsIPa-sundinanarsa', '25817', 'TOCANCIPÁ - Cundinamarca'),
	(557, '823', 'TOPAIPÍ', 1265, '25', 'TOPAIPi', 'sundinanarsa', 'TOPAIPi-sundinanarsa', '25823', 'TOPAIPÍ - Cundinamarca'),
	(558, '839', 'UBALÁ', 1265, '25', 'UvALa', 'sundinanarsa', 'UvALa-sundinanarsa', '25839', 'UBALÁ - Cundinamarca'),
	(559, '841', 'UBAQUE', 1265, '25', 'UvAQUE', 'sundinanarsa', 'UvAQUE-sundinanarsa', '25841', 'UBAQUE - Cundinamarca'),
	(560, '843', 'VILLA DE SAN DIEGO DE UBATE', 1265, '25', 'VIiA DE SAN DIEjO DE UvATE', 'sundinanarsa', 'VIiA DE SAN DIEjO DE UvATE-sundinanarsa', '25843', 'VILLA DE SAN DIEGO DE UBATE - Cundinamarca'),
	(561, '845', 'UNE', 1265, '25', 'UNE', 'sundinanarsa', 'UNE-sundinanarsa', '25845', 'UNE - Cundinamarca'),
	(562, '851', 'ÚTICA', 1265, '25', 'uTIsA', 'sundinanarsa', 'uTIsA-sundinanarsa', '25851', 'ÚTICA - Cundinamarca'),
	(563, '862', 'VERGARA', 1265, '25', 'VERjARA', 'sundinanarsa', 'VERjARA-sundinanarsa', '25862', 'VERGARA - Cundinamarca'),
	(564, '867', 'VIANÍ', 1265, '25', 'VIANi', 'sundinanarsa', 'VIANi-sundinanarsa', '25867', 'VIANÍ - Cundinamarca'),
	(565, '871', 'VILLAGÓMEZ', 1265, '25', 'VIiAjonEs', 'sundinanarsa', 'VIiAjonEs-sundinanarsa', '25871', 'VILLAGÓMEZ - Cundinamarca'),
	(566, '873', 'VILLAPINZÓN', 1265, '25', 'VIiAPINsoN', 'sundinanarsa', 'VIiAPINsoN-sundinanarsa', '25873', 'VILLAPINZÓN - Cundinamarca'),
	(567, '875', 'VILLETA', 1265, '25', 'VIlTA', 'sundinanarsa', 'VIlTA-sundinanarsa', '25875', 'VILLETA - Cundinamarca'),
	(568, '878', 'VIOTÁ', 1265, '25', 'VIOTa', 'sundinanarsa', 'VIOTa-sundinanarsa', '25878', 'VIOTÁ - Cundinamarca'),
	(569, '885', 'YACOPÍ', 1265, '25', 'iAsOPi', 'sundinanarsa', 'iAsOPi-sundinanarsa', '25885', 'YACOPÍ - Cundinamarca'),
	(570, '898', 'ZIPACÓN', 1265, '25', 'sIPAsoN', 'sundinanarsa', 'sIPAsoN-sundinanarsa', '25898', 'ZIPACÓN - Cundinamarca'),
	(571, '899', 'ZIPAQUIRÁ', 1265, '25', 'sIPAQUIRa', 'sundinanarsa', 'sIPAQUIRa-sundinanarsa', '25899', 'ZIPAQUIRÁ - Cundinamarca'),
	(572, '001', 'QUIBDÓ', 1266, '27', 'QUIvDo', 'soso', 'QUIvDo-soso', '27001', 'QUIBDÓ - Choco'),
	(573, '006', 'ACANDÍ', 1266, '27', 'AsANDi', 'soso', 'AsANDi-soso', '27006', 'ACANDÍ - Choco'),
	(574, '025', 'ALTO BAUDÓ', 1266, '27', 'ALTO vAUDo', 'soso', 'ALTO vAUDo-soso', '27025', 'ALTO BAUDÓ - Choco'),
	(575, '050', 'ATRATO', 1266, '27', 'ATRATO', 'soso', 'ATRATO-soso', '27050', 'ATRATO - Choco'),
	(576, '073', 'BAGADÓ', 1266, '27', 'vAjADo', 'soso', 'vAjADo-soso', '27073', 'BAGADÓ - Choco'),
	(577, '075', 'BAHÍA SOLANO', 1266, '27', 'vAiA SOLANO', 'soso', 'vAiA SOLANO-soso', '27075', 'BAHÍA SOLANO - Choco'),
	(578, '077', 'BAJO BAUDÓ', 1266, '27', 'vAJO vAUDo', 'soso', 'vAJO vAUDo-soso', '27077', 'BAJO BAUDÓ - Choco'),
	(579, '086', 'BELÉN DE BAJIRÁ', 1266, '27', 'vELeN DE vAJIRa', 'soso', 'vELeN DE vAJIRa-soso', '27086', 'BELÉN DE BAJIRÁ - Choco'),
	(580, '099', 'BOJAYA', 1266, '27', 'vOJAiA', 'soso', 'vOJAiA-soso', '27099', 'BOJAYA - Choco'),
	(581, '135', 'EL CANTÓN DEL SAN PABLO', 1266, '27', 'EL sANToN DEL SAN PAvLO', 'soso', 'EL sANToN DEL SAN PAvLO-soso', '27135', 'EL CANTÓN DEL SAN PABLO - Choco'),
	(582, '150', 'CARMEN DEL DARIEN', 1266, '27', 'sARnEN DEL DARIEN', 'soso', 'sARnEN DEL DARIEN-soso', '27150', 'CARMEN DEL DARIEN - Choco'),
	(583, '160', 'CÉRTEGUI', 1266, '27', 'seRTEjUI', 'soso', 'seRTEjUI-soso', '27160', 'CÉRTEGUI - Choco'),
	(584, '205', 'CONDOTO', 1266, '27', 'sONDOTO', 'soso', 'sONDOTO-soso', '27205', 'CONDOTO - Choco'),
	(585, '245', 'EL CARMEN DE ATRATO', 1266, '27', 'EL sARnEN DE ATRATO', 'soso', 'EL sARnEN DE ATRATO-soso', '27245', 'EL CARMEN DE ATRATO - Choco'),
	(586, '250', 'EL LITORAL DEL SAN JUAN', 1266, '27', 'EL LITORAL DEL SAN JUAN', 'soso', 'EL LITORAL DEL SAN JUAN-soso', '27250', 'EL LITORAL DEL SAN JUAN - Choco'),
	(587, '361', 'ISTMINA', 1266, '27', 'ISTnINA', 'soso', 'ISTnINA-soso', '27361', 'ISTMINA - Choco'),
	(588, '372', 'JURADÓ', 1266, '27', 'JURADo', 'soso', 'JURADo-soso', '27372', 'JURADÓ - Choco'),
	(589, '413', 'LLORÓ', 1266, '27', 'iORo', 'soso', 'iORo-soso', '27413', 'LLORÓ - Choco'),
	(590, '425', 'MEDIO ATRATO', 1266, '27', 'nEDIO ATRATO', 'soso', 'nEDIO ATRATO-soso', '27425', 'MEDIO ATRATO - Choco'),
	(591, '430', 'MEDIO BAUDÓ', 1266, '27', 'nEDIO vAUDo', 'soso', 'nEDIO vAUDo-soso', '27430', 'MEDIO BAUDÓ - Choco'),
	(592, '450', 'MEDIO SAN JUAN', 1266, '27', 'nEDIO SAN JUAN', 'soso', 'nEDIO SAN JUAN-soso', '27450', 'MEDIO SAN JUAN - Choco'),
	(593, '491', 'NÓVITA', 1266, '27', 'NoVITA', 'soso', 'NoVITA-soso', '27491', 'NÓVITA - Choco'),
	(594, '495', 'NUQUÍ', 1266, '27', 'NUQUi', 'soso', 'NUQUi-soso', '27495', 'NUQUÍ - Choco'),
	(595, '580', 'RÍO IRÓ', 1266, '27', 'RiO IRo', 'soso', 'RiO IRo-soso', '27580', 'RÍO IRÓ - Choco'),
	(596, '600', 'RÍO QUITO', 1266, '27', 'RiO QUITO', 'soso', 'RiO QUITO-soso', '27600', 'RÍO QUITO - Choco'),
	(597, '615', 'RIOSUCIO', 1266, '27', 'RIOSUsIO', 'soso', 'RIOSUsIO-soso', '27615', 'RIOSUCIO - Choco'),
	(598, '660', 'SAN JOSÉ DEL PALMAR', 1266, '27', 'SAN JOSe DEL PALnAR', 'soso', 'SAN JOSe DEL PALnAR-soso', '27660', 'SAN JOSÉ DEL PALMAR - Choco'),
	(599, '745', 'SIPÍ', 1266, '27', 'SIPi', 'soso', 'SIPi-soso', '27745', 'SIPÍ - Choco'),
	(600, '787', 'TADÓ', 1266, '27', 'TADo', 'soso', 'TADo-soso', '27787', 'TADÓ - Choco'),
	(601, '800', 'UNGUÍA', 1266, '27', 'UNjUiA', 'soso', 'UNjUiA-soso', '27800', 'UNGUÍA - Choco'),
	(602, '810', 'UNIÓN PANAMERICANA', 1266, '27', 'UNIoN PANAnERIsANA', 'soso', 'UNIoN PANAnERIsANA-soso', '27810', 'UNIÓN PANAMERICANA - Choco'),
	(603, '001', 'NEIVA', 1267, '41', 'NEIVA', 'uila', 'NEIVA-uila', '41001', 'NEIVA - Huila'),
	(604, '006', 'ACEVEDO', 1267, '41', 'AsEVEDO', 'uila', 'AsEVEDO-uila', '41006', 'ACEVEDO - Huila'),
	(605, '013', 'AGRADO', 1267, '41', 'AjRADO', 'uila', 'AjRADO-uila', '41013', 'AGRADO - Huila'),
	(606, '016', 'AIPE', 1267, '41', 'AIPE', 'uila', 'AIPE-uila', '41016', 'AIPE - Huila'),
	(607, '020', 'ALGECIRAS', 1267, '41', 'ALjEsIRAS', 'uila', 'ALjEsIRAS-uila', '41020', 'ALGECIRAS - Huila'),
	(608, '026', 'ALTAMIRA', 1267, '41', 'ALTAnIRA', 'uila', 'ALTAnIRA-uila', '41026', 'ALTAMIRA - Huila'),
	(609, '078', 'BARAYA', 1267, '41', 'vARAiA', 'uila', 'vARAiA-uila', '41078', 'BARAYA - Huila'),
	(610, '132', 'CAMPOALEGRE', 1267, '41', 'sAnPOALEjRE', 'uila', 'sAnPOALEjRE-uila', '41132', 'CAMPOALEGRE - Huila'),
	(611, '206', 'COLOMBIA', 1267, '41', 'sOLOnvIA', 'uila', 'sOLOnvIA-uila', '41206', 'COLOMBIA - Huila'),
	(612, '244', 'ELÍAS', 1267, '41', 'ELiAS', 'uila', 'ELiAS-uila', '41244', 'ELÍAS - Huila'),
	(613, '298', 'GARZÓN', 1267, '41', 'jARsoN', 'uila', 'jARsoN-uila', '41298', 'GARZÓN - Huila'),
	(614, '306', 'GIGANTE', 1267, '41', 'jIjANTE', 'uila', 'jIjANTE-uila', '41306', 'GIGANTE - Huila'),
	(615, '319', 'GUADALUPE', 1267, '41', 'jUADALUPE', 'uila', 'jUADALUPE-uila', '41319', 'GUADALUPE - Huila'),
	(616, '349', 'HOBO', 1267, '41', 'OvO', 'uila', 'OvO-uila', '41349', 'HOBO - Huila'),
	(617, '357', 'IQUIRA', 1267, '41', 'IQUIRA', 'uila', 'IQUIRA-uila', '41357', 'IQUIRA - Huila'),
	(618, '359', 'ISNOS', 1267, '41', 'ISNOS', 'uila', 'ISNOS-uila', '41359', 'ISNOS - Huila'),
	(619, '378', 'LA ARGENTINA', 1267, '41', 'LA ARjENTINA', 'uila', 'LA ARjENTINA-uila', '41378', 'LA ARGENTINA - Huila'),
	(620, '396', 'LA PLATA', 1267, '41', 'LA PLATA', 'uila', 'LA PLATA-uila', '41396', 'LA PLATA - Huila'),
	(621, '483', 'NÁTAGA', 1267, '41', 'NaTAjA', 'uila', 'NaTAjA-uila', '41483', 'NÁTAGA - Huila'),
	(622, '503', 'OPORAPA', 1267, '41', 'OPORAPA', 'uila', 'OPORAPA-uila', '41503', 'OPORAPA - Huila'),
	(623, '518', 'PAICOL', 1267, '41', 'PAIsOL', 'uila', 'PAIsOL-uila', '41518', 'PAICOL - Huila'),
	(624, '524', 'PALERMO', 1267, '41', 'PALERnO', 'uila', 'PALERnO-uila', '41524', 'PALERMO - Huila'),
	(625, '530', 'PALESTINA', 1267, '41', 'PALESTINA', 'uila', 'PALESTINA-uila', '41530', 'PALESTINA - Huila'),
	(626, '548', 'PITAL', 1267, '41', 'PITAL', 'uila', 'PITAL-uila', '41548', 'PITAL - Huila'),
	(627, '551', 'PITALITO', 1267, '41', 'PITALITO', 'uila', 'PITALITO-uila', '41551', 'PITALITO - Huila'),
	(628, '615', 'RIVERA', 1267, '41', 'RIVERA', 'uila', 'RIVERA-uila', '41615', 'RIVERA - Huila'),
	(629, '660', 'SALADOBLANCO', 1267, '41', 'SALADOvLANsO', 'uila', 'SALADOvLANsO-uila', '41660', 'SALADOBLANCO - Huila'),
	(630, '668', 'SAN AGUSTÍN', 1267, '41', 'SAN AjUSTiN', 'uila', 'SAN AjUSTiN-uila', '41668', 'SAN AGUSTÍN - Huila'),
	(631, '676', 'SANTA MARÍA', 1267, '41', 'SANTA nARiA', 'uila', 'SANTA nARiA-uila', '41676', 'SANTA MARÍA - Huila'),
	(632, '770', 'SUAZA', 1267, '41', 'SUAsA', 'uila', 'SUAsA-uila', '41770', 'SUAZA - Huila'),
	(633, '791', 'TARQUI', 1267, '41', 'TARQUI', 'uila', 'TARQUI-uila', '41791', 'TARQUI - Huila'),
	(634, '797', 'TESALIA', 1267, '41', 'TESALIA', 'uila', 'TESALIA-uila', '41797', 'TESALIA - Huila'),
	(635, '799', 'TELLO', 1267, '41', 'TEiO', 'uila', 'TEiO-uila', '41799', 'TELLO - Huila'),
	(636, '801', 'TERUEL', 1267, '41', 'TERUEL', 'uila', 'TERUEL-uila', '41801', 'TERUEL - Huila'),
	(637, '807', 'TIMANÁ', 1267, '41', 'TInANa', 'uila', 'TInANa-uila', '41807', 'TIMANÁ - Huila'),
	(638, '872', 'VILLAVIEJA', 1267, '41', 'VIiAVIEJA', 'uila', 'VIiAVIEJA-uila', '41872', 'VILLAVIEJA - Huila'),
	(639, '885', 'YAGUARÁ', 1267, '41', 'iAjUARa', 'uila', 'iAjUARa-uila', '41885', 'YAGUARÁ - Huila'),
	(640, '001', 'RIOHACHA', 1268, '44', 'RIOAsA', 'La juajira', 'RIOAsA-La juajira', '44001', 'RIOHACHA - La Guajira'),
	(641, '035', 'ALBANIA', 1268, '44', 'ALvANIA', 'La juajira', 'ALvANIA-La juajira', '44035', 'ALBANIA - La Guajira'),
	(642, '078', 'BARRANCAS', 1268, '44', 'vArANsAS', 'La juajira', 'vArANsAS-La juajira', '44078', 'BARRANCAS - La Guajira'),
	(643, '090', 'DIBULLA', 1268, '44', 'DIvUiA', 'La juajira', 'DIvUiA-La juajira', '44090', 'DIBULLA - La Guajira'),
	(644, '098', 'DISTRACCIÓN', 1268, '44', 'DISTRAssIoN', 'La juajira', 'DISTRAssIoN-La juajira', '44098', 'DISTRACCIÓN - La Guajira'),
	(645, '110', 'EL MOLINO', 1268, '44', 'EL nOLINO', 'La juajira', 'EL nOLINO-La juajira', '44110', 'EL MOLINO - La Guajira'),
	(646, '279', 'FONSECA', 1268, '44', 'FONSEsA', 'La juajira', 'FONSEsA-La juajira', '44279', 'FONSECA - La Guajira'),
	(647, '378', 'HATO NUEVO', 1268, '44', 'ATO NUEVO', 'La juajira', 'ATO NUEVO-La juajira', '44378', 'HATO NUEVO - La Guajira'),
	(648, '420', 'LA JAGUA DEL PILAR', 1268, '44', 'LA JAjUA DEL PILAR', 'La juajira', 'LA JAjUA DEL PILAR-La juajira', '44420', 'LA JAGUA DEL PILAR - La Guajira'),
	(649, '430', 'MAICAO', 1268, '44', 'nAIsAO', 'La juajira', 'nAIsAO-La juajira', '44430', 'MAICAO - La Guajira'),
	(650, '560', 'MANAURE', 1268, '44', 'nANAURE', 'La juajira', 'nANAURE-La juajira', '44560', 'MANAURE - La Guajira'),
	(651, '650', 'SAN JUAN DEL CESAR', 1268, '44', 'SAN JUAN DEL sESAR', 'La juajira', 'SAN JUAN DEL sESAR-La juajira', '44650', 'SAN JUAN DEL CESAR - La Guajira'),
	(652, '847', 'URIBIA', 1268, '44', 'URIvIA', 'La juajira', 'URIvIA-La juajira', '44847', 'URIBIA - La Guajira'),
	(653, '855', 'URUMITA', 1268, '44', 'URUnITA', 'La juajira', 'URUnITA-La juajira', '44855', 'URUMITA - La Guajira'),
	(654, '874', 'VILLANUEVA', 1268, '44', 'VIiANUEVA', 'La juajira', 'VIiANUEVA-La juajira', '44874', 'VILLANUEVA - La Guajira'),
	(655, '001', 'SANTA MARTA', 1269, '47', 'SANTA nARTA', 'najdalena', 'SANTA nARTA-najdalena', '47001', 'SANTA MARTA - Magdalena'),
	(656, '030', 'ALGARROBO', 1269, '47', 'ALjArOvO', 'najdalena', 'ALjArOvO-najdalena', '47030', 'ALGARROBO - Magdalena'),
	(657, '053', 'ARACATACA', 1269, '47', 'ARAsATAsA', 'najdalena', 'ARAsATAsA-najdalena', '47053', 'ARACATACA - Magdalena'),
	(658, '058', 'ARIGUANÍ', 1269, '47', 'ARIjUANi', 'najdalena', 'ARIjUANi-najdalena', '47058', 'ARIGUANÍ - Magdalena'),
	(659, '161', 'CERRO SAN ANTONIO', 1269, '47', 'sErO SAN ANTONIO', 'najdalena', 'sErO SAN ANTONIO-najdalena', '47161', 'CERRO SAN ANTONIO - Magdalena'),
	(660, '170', 'CHIBOLO', 1269, '47', 'sIvOLO', 'najdalena', 'sIvOLO-najdalena', '47170', 'CHIBOLO - Magdalena'),
	(661, '189', 'CIÉNAGA', 1269, '47', 'sIeNAjA', 'najdalena', 'sIeNAjA-najdalena', '47189', 'CIÉNAGA - Magdalena'),
	(662, '205', 'CONCORDIA', 1269, '47', 'sONsORDIA', 'najdalena', 'sONsORDIA-najdalena', '47205', 'CONCORDIA - Magdalena'),
	(663, '245', 'EL BANCO', 1269, '47', 'EL vANsO', 'najdalena', 'EL vANsO-najdalena', '47245', 'EL BANCO - Magdalena'),
	(664, '258', 'EL PIÑON', 1269, '47', 'EL PInON', 'najdalena', 'EL PInON-najdalena', '47258', 'EL PIÑON - Magdalena'),
	(665, '268', 'EL RETÉN', 1269, '47', 'EL RETeN', 'najdalena', 'EL RETeN-najdalena', '47268', 'EL RETÉN - Magdalena'),
	(666, '288', 'FUNDACIÓN', 1269, '47', 'FUNDAsIoN', 'najdalena', 'FUNDAsIoN-najdalena', '47288', 'FUNDACIÓN - Magdalena'),
	(667, '318', 'GUAMAL', 1269, '47', 'jUAnAL', 'najdalena', 'jUAnAL-najdalena', '47318', 'GUAMAL - Magdalena'),
	(668, '460', 'NUEVA GRANADA', 1269, '47', 'NUEVA jRANADA', 'najdalena', 'NUEVA jRANADA-najdalena', '47460', 'NUEVA GRANADA - Magdalena'),
	(669, '541', 'PEDRAZA', 1269, '47', 'PEDRAsA', 'najdalena', 'PEDRAsA-najdalena', '47541', 'PEDRAZA - Magdalena'),
	(670, '545', 'PIJIÑO DEL CARMEN', 1269, '47', 'PIJInO DEL sARnEN', 'najdalena', 'PIJInO DEL sARnEN-najdalena', '47545', 'PIJIÑO DEL CARMEN - Magdalena'),
	(671, '551', 'PIVIJAY', 1269, '47', 'PIVIJAi', 'najdalena', 'PIVIJAi-najdalena', '47551', 'PIVIJAY - Magdalena'),
	(672, '555', 'PLATO', 1269, '47', 'PLATO', 'najdalena', 'PLATO-najdalena', '47555', 'PLATO - Magdalena'),
	(673, '570', 'PUEBLOVIEJO', 1269, '47', 'PUEvLOVIEJO', 'najdalena', 'PUEvLOVIEJO-najdalena', '47570', 'PUEBLOVIEJO - Magdalena'),
	(674, '605', 'REMOLINO', 1269, '47', 'REnOLINO', 'najdalena', 'REnOLINO-najdalena', '47605', 'REMOLINO - Magdalena'),
	(675, '660', 'SABANAS DE SAN ANGEL', 1269, '47', 'SAvANAS DE SAN ANjEL', 'najdalena', 'SAvANAS DE SAN ANjEL-najdalena', '47660', 'SABANAS DE SAN ANGEL - Magdalena'),
	(676, '675', 'SALAMINA', 1269, '47', 'SALAnINA', 'najdalena', 'SALAnINA-najdalena', '47675', 'SALAMINA - Magdalena'),
	(677, '692', 'SAN SEBASTIÁN DE BUENAVISTA', 1269, '47', 'SAN SEvASTIaN DE vUENAVISTA', 'najdalena', 'SAN SEvASTIaN DE vUENAVISTA-najdalena', '47692', 'SAN SEBASTIÁN DE BUENAVISTA - Magdalena'),
	(678, '703', 'SAN ZENÓN', 1269, '47', 'SAN sENoN', 'najdalena', 'SAN sENoN-najdalena', '47703', 'SAN ZENÓN - Magdalena'),
	(679, '707', 'SANTA ANA', 1269, '47', 'SANTA ANA', 'najdalena', 'SANTA ANA-najdalena', '47707', 'SANTA ANA - Magdalena'),
	(680, '720', 'SANTA BÁRBARA DE PINTO', 1269, '47', 'SANTA vaRvARA DE PINTO', 'najdalena', 'SANTA vaRvARA DE PINTO-najdalena', '47720', 'SANTA BÁRBARA DE PINTO - Magdalena'),
	(681, '745', 'SITIONUEVO', 1269, '47', 'SITIONUEVO', 'najdalena', 'SITIONUEVO-najdalena', '47745', 'SITIONUEVO - Magdalena'),
	(682, '798', 'TENERIFE', 1269, '47', 'TENERIFE', 'najdalena', 'TENERIFE-najdalena', '47798', 'TENERIFE - Magdalena'),
	(683, '960', 'ZAPAYÁN', 1269, '47', 'sAPAiaN', 'najdalena', 'sAPAiaN-najdalena', '47960', 'ZAPAYÁN - Magdalena'),
	(684, '980', 'ZONA BANANERA', 1269, '47', 'sONA vANANERA', 'najdalena', 'sONA vANANERA-najdalena', '47980', 'ZONA BANANERA - Magdalena'),
	(685, '001', 'VILLAVICENCIO', 1270, '50', 'VIiAVIsENsIO', 'neta', 'VIiAVIsENsIO-neta', '50001', 'VILLAVICENCIO - Meta'),
	(686, '006', 'ACACÍAS', 1270, '50', 'AsAsiAS', 'neta', 'AsAsiAS-neta', '50006', 'ACACÍAS - Meta'),
	(687, '110', 'BARRANCA DE UPÍA', 1270, '50', 'vArANsA DE UPiA', 'neta', 'vArANsA DE UPiA-neta', '50110', 'BARRANCA DE UPÍA - Meta'),
	(688, '124', 'CABUYARO', 1270, '50', 'sAvUiARO', 'neta', 'sAvUiARO-neta', '50124', 'CABUYARO - Meta'),
	(689, '150', 'CASTILLA LA NUEVA', 1270, '50', 'sASTIiA LA NUEVA', 'neta', 'sASTIiA LA NUEVA-neta', '50150', 'CASTILLA LA NUEVA - Meta'),
	(690, '223', 'CUBARRAL', 1270, '50', 'sUvArAL', 'neta', 'sUvArAL-neta', '50223', 'CUBARRAL - Meta'),
	(691, '226', 'CUMARAL', 1270, '50', 'sUnARAL', 'neta', 'sUnARAL-neta', '50226', 'CUMARAL - Meta'),
	(692, '245', 'EL CALVARIO', 1270, '50', 'EL sALVARIO', 'neta', 'EL sALVARIO-neta', '50245', 'EL CALVARIO - Meta'),
	(693, '251', 'EL CASTILLO', 1270, '50', 'EL sASTIiO', 'neta', 'EL sASTIiO-neta', '50251', 'EL CASTILLO - Meta'),
	(694, '270', 'EL DORADO', 1270, '50', 'EL DORADO', 'neta', 'EL DORADO-neta', '50270', 'EL DORADO - Meta'),
	(695, '287', 'FUENTE DE ORO', 1270, '50', 'FUENTE DE ORO', 'neta', 'FUENTE DE ORO-neta', '50287', 'FUENTE DE ORO - Meta'),
	(696, '313', 'GRANADA', 1270, '50', 'jRANADA', 'neta', 'jRANADA-neta', '50313', 'GRANADA - Meta'),
	(697, '318', 'GUAMAL', 1270, '50', 'jUAnAL', 'neta', 'jUAnAL-neta', '50318', 'GUAMAL - Meta'),
	(698, '325', 'MAPIRIPÁN', 1270, '50', 'nAPIRIPaN', 'neta', 'nAPIRIPaN-neta', '50325', 'MAPIRIPÁN - Meta'),
	(699, '330', 'MESETAS', 1270, '50', 'nESETAS', 'neta', 'nESETAS-neta', '50330', 'MESETAS - Meta'),
	(700, '350', 'LA MACARENA', 1270, '50', 'LA nAsARENA', 'neta', 'LA nAsARENA-neta', '50350', 'LA MACARENA - Meta'),
	(701, '370', 'URIBE', 1270, '50', 'URIvE', 'neta', 'URIvE-neta', '50370', 'URIBE - Meta'),
	(702, '400', 'LEJANÍAS', 1270, '50', 'LEJANiAS', 'neta', 'LEJANiAS-neta', '50400', 'LEJANÍAS - Meta'),
	(703, '450', 'PUERTO CONCORDIA', 1270, '50', 'PUERTO sONsORDIA', 'neta', 'PUERTO sONsORDIA-neta', '50450', 'PUERTO CONCORDIA - Meta'),
	(704, '568', 'PUERTO GAITÁN', 1270, '50', 'PUERTO jAITaN', 'neta', 'PUERTO jAITaN-neta', '50568', 'PUERTO GAITÁN - Meta'),
	(705, '573', 'PUERTO LÓPEZ', 1270, '50', 'PUERTO LoPEs', 'neta', 'PUERTO LoPEs-neta', '50573', 'PUERTO LÓPEZ - Meta'),
	(706, '577', 'PUERTO LLERAS', 1270, '50', 'PUERTO lRAS', 'neta', 'PUERTO lRAS-neta', '50577', 'PUERTO LLERAS - Meta'),
	(707, '590', 'PUERTO RICO', 1270, '50', 'PUERTO RIsO', 'neta', 'PUERTO RIsO-neta', '50590', 'PUERTO RICO - Meta'),
	(708, '606', 'RESTREPO', 1270, '50', 'RESTREPO', 'neta', 'RESTREPO-neta', '50606', 'RESTREPO - Meta'),
	(709, '680', 'SAN CARLOS DE GUAROA', 1270, '50', 'SAN sARLOS DE jUAROA', 'neta', 'SAN sARLOS DE jUAROA-neta', '50680', 'SAN CARLOS DE GUAROA - Meta'),
	(710, '683', 'SAN JUAN DE ARAMA', 1270, '50', 'SAN JUAN DE ARAnA', 'neta', 'SAN JUAN DE ARAnA-neta', '50683', 'SAN JUAN DE ARAMA - Meta'),
	(711, '686', 'SAN JUANITO', 1270, '50', 'SAN JUANITO', 'neta', 'SAN JUANITO-neta', '50686', 'SAN JUANITO - Meta'),
	(712, '689', 'SAN MARTÍN', 1270, '50', 'SAN nARTiN', 'neta', 'SAN nARTiN-neta', '50689', 'SAN MARTÍN - Meta'),
	(713, '711', 'VISTA HERMOSA', 1270, '50', 'VISTA ERnOSA', 'neta', 'VISTA ERnOSA-neta', '50711', 'VISTA HERMOSA - Meta'),
	(714, '001', 'PASTO', 1271, '52', 'PASTO', 'Narino', 'PASTO-Narino', '52001', 'PASTO - Nariño'),
	(715, '019', 'ALBÁN', 1271, '52', 'ALvaN', 'Narino', 'ALvaN-Narino', '52019', 'ALBÁN - Nariño'),
	(716, '022', 'ALDANA', 1271, '52', 'ALDANA', 'Narino', 'ALDANA-Narino', '52022', 'ALDANA - Nariño'),
	(717, '036', 'ANCUYÁ', 1271, '52', 'ANsUia', 'Narino', 'ANsUia-Narino', '52036', 'ANCUYÁ - Nariño'),
	(718, '051', 'ARBOLEDA', 1271, '52', 'ARvOLEDA', 'Narino', 'ARvOLEDA-Narino', '52051', 'ARBOLEDA - Nariño'),
	(719, '079', 'BARBACOAS', 1271, '52', 'vARvAsOAS', 'Narino', 'vARvAsOAS-Narino', '52079', 'BARBACOAS - Nariño'),
	(720, '083', 'BELÉN', 1271, '52', 'vELeN', 'Narino', 'vELeN-Narino', '52083', 'BELÉN - Nariño'),
	(721, '110', 'BUESACO', 1271, '52', 'vUESAsO', 'Narino', 'vUESAsO-Narino', '52110', 'BUESACO - Nariño'),
	(722, '203', 'COLÓN', 1271, '52', 'sOLoN', 'Narino', 'sOLoN-Narino', '52203', 'COLÓN - Nariño'),
	(723, '207', 'CONSACA', 1271, '52', 'sONSAsA', 'Narino', 'sONSAsA-Narino', '52207', 'CONSACA - Nariño'),
	(724, '210', 'CONTADERO', 1271, '52', 'sONTADERO', 'Narino', 'sONTADERO-Narino', '52210', 'CONTADERO - Nariño'),
	(725, '215', 'CÓRDOBA', 1271, '52', 'soRDOvA', 'Narino', 'soRDOvA-Narino', '52215', 'CÓRDOBA - Nariño'),
	(726, '224', 'CUASPUD', 1271, '52', 'sUASPUD', 'Narino', 'sUASPUD-Narino', '52224', 'CUASPUD - Nariño'),
	(727, '227', 'CUMBAL', 1271, '52', 'sUnvAL', 'Narino', 'sUnvAL-Narino', '52227', 'CUMBAL - Nariño'),
	(728, '233', 'CUMBITARA', 1271, '52', 'sUnvITARA', 'Narino', 'sUnvITARA-Narino', '52233', 'CUMBITARA - Nariño'),
	(729, '240', 'CHACHAGÜÍ', 1271, '52', 'sAsAjÜi', 'Narino', 'sAsAjÜi-Narino', '52240', 'CHACHAGÜÍ - Nariño'),
	(730, '250', 'EL CHARCO', 1271, '52', 'EL sARsO', 'Narino', 'EL sARsO-Narino', '52250', 'EL CHARCO - Nariño'),
	(731, '254', 'EL PEÑOL', 1271, '52', 'EL PEnOL', 'Narino', 'EL PEnOL-Narino', '52254', 'EL PEÑOL - Nariño'),
	(732, '256', 'EL ROSARIO', 1271, '52', 'EL ROSARIO', 'Narino', 'EL ROSARIO-Narino', '52256', 'EL ROSARIO - Nariño'),
	(733, '258', 'EL TABLÓN DE GÓMEZ', 1271, '52', 'EL TAvLoN DE jonEs', 'Narino', 'EL TAvLoN DE jonEs-Narino', '52258', 'EL TABLÓN DE GÓMEZ - Nariño'),
	(734, '260', 'EL TAMBO', 1271, '52', 'EL TAnvO', 'Narino', 'EL TAnvO-Narino', '52260', 'EL TAMBO - Nariño'),
	(735, '287', 'FUNES', 1271, '52', 'FUNES', 'Narino', 'FUNES-Narino', '52287', 'FUNES - Nariño'),
	(736, '317', 'GUACHUCAL', 1271, '52', 'jUAsUsAL', 'Narino', 'jUAsUsAL-Narino', '52317', 'GUACHUCAL - Nariño'),
	(737, '320', 'GUAITARILLA', 1271, '52', 'jUAITARIiA', 'Narino', 'jUAITARIiA-Narino', '52320', 'GUAITARILLA - Nariño'),
	(738, '323', 'GUALMATÁN', 1271, '52', 'jUALnATaN', 'Narino', 'jUALnATaN-Narino', '52323', 'GUALMATÁN - Nariño'),
	(739, '352', 'ILES', 1271, '52', 'ILES', 'Narino', 'ILES-Narino', '52352', 'ILES - Nariño'),
	(740, '354', 'IMUÉS', 1271, '52', 'InUeS', 'Narino', 'InUeS-Narino', '52354', 'IMUÉS - Nariño'),
	(741, '356', 'IPIALES', 1271, '52', 'IPIALES', 'Narino', 'IPIALES-Narino', '52356', 'IPIALES - Nariño'),
	(742, '378', 'LA CRUZ', 1271, '52', 'LA sRUs', 'Narino', 'LA sRUs-Narino', '52378', 'LA CRUZ - Nariño'),
	(743, '381', 'LA FLORIDA', 1271, '52', 'LA FLORIDA', 'Narino', 'LA FLORIDA-Narino', '52381', 'LA FLORIDA - Nariño'),
	(744, '385', 'LA LLANADA', 1271, '52', 'LA iANADA', 'Narino', 'LA iANADA-Narino', '52385', 'LA LLANADA - Nariño'),
	(745, '390', 'LA TOLA', 1271, '52', 'LA TOLA', 'Narino', 'LA TOLA-Narino', '52390', 'LA TOLA - Nariño'),
	(746, '399', 'LA UNIÓN', 1271, '52', 'LA UNIoN', 'Narino', 'LA UNIoN-Narino', '52399', 'LA UNIÓN - Nariño'),
	(747, '405', 'LEIVA', 1271, '52', 'LEIVA', 'Narino', 'LEIVA-Narino', '52405', 'LEIVA - Nariño'),
	(748, '411', 'LINARES', 1271, '52', 'LINARES', 'Narino', 'LINARES-Narino', '52411', 'LINARES - Nariño'),
	(749, '418', 'LOS ANDES', 1271, '52', 'LOS ANDES', 'Narino', 'LOS ANDES-Narino', '52418', 'LOS ANDES - Nariño'),
	(750, '427', 'MAGÜI', 1271, '52', 'nAjÜI', 'Narino', 'nAjÜI-Narino', '52427', 'MAGÜI - Nariño'),
	(751, '435', 'MALLAMA', 1271, '52', 'nAiAnA', 'Narino', 'nAiAnA-Narino', '52435', 'MALLAMA - Nariño'),
	(752, '473', 'MOSQUERA', 1271, '52', 'nOSQUERA', 'Narino', 'nOSQUERA-Narino', '52473', 'MOSQUERA - Nariño'),
	(753, '480', 'NARIÑO', 1271, '52', 'NARInO', 'Narino', 'NARInO-Narino', '52480', 'NARIÑO - Nariño'),
	(754, '490', 'OLAYA HERRERA', 1271, '52', 'OLAiA ErERA', 'Narino', 'OLAiA ErERA-Narino', '52490', 'OLAYA HERRERA - Nariño'),
	(755, '506', 'OSPINA', 1271, '52', 'OSPINA', 'Narino', 'OSPINA-Narino', '52506', 'OSPINA - Nariño'),
	(756, '520', 'FRANCISCO PIZARRO', 1271, '52', 'FRANsISsO PIsArO', 'Narino', 'FRANsISsO PIsArO-Narino', '52520', 'FRANCISCO PIZARRO - Nariño'),
	(757, '540', 'POLICARPA', 1271, '52', 'POLIsARPA', 'Narino', 'POLIsARPA-Narino', '52540', 'POLICARPA - Nariño'),
	(758, '560', 'POTOSÍ', 1271, '52', 'POTOSi', 'Narino', 'POTOSi-Narino', '52560', 'POTOSÍ - Nariño'),
	(759, '565', 'PROVIDENCIA', 1271, '52', 'PROVIDENsIA', 'Narino', 'PROVIDENsIA-Narino', '52565', 'PROVIDENCIA - Nariño'),
	(760, '573', 'PUERRES', 1271, '52', 'PUErES', 'Narino', 'PUErES-Narino', '52573', 'PUERRES - Nariño'),
	(761, '585', 'PUPIALES', 1271, '52', 'PUPIALES', 'Narino', 'PUPIALES-Narino', '52585', 'PUPIALES - Nariño'),
	(762, '612', 'RICAURTE', 1271, '52', 'RIsAURTE', 'Narino', 'RIsAURTE-Narino', '52612', 'RICAURTE - Nariño'),
	(763, '621', 'ROBERTO PAYÁN', 1271, '52', 'ROvERTO PAiaN', 'Narino', 'ROvERTO PAiaN-Narino', '52621', 'ROBERTO PAYÁN - Nariño'),
	(764, '678', 'SAMANIEGO', 1271, '52', 'SAnANIEjO', 'Narino', 'SAnANIEjO-Narino', '52678', 'SAMANIEGO - Nariño'),
	(765, '683', 'SANDONÁ', 1271, '52', 'SANDONa', 'Narino', 'SANDONa-Narino', '52683', 'SANDONÁ - Nariño'),
	(766, '685', 'SAN BERNARDO', 1271, '52', 'SAN vERNARDO', 'Narino', 'SAN vERNARDO-Narino', '52685', 'SAN BERNARDO - Nariño'),
	(767, '687', 'SAN LORENZO', 1271, '52', 'SAN LORENsO', 'Narino', 'SAN LORENsO-Narino', '52687', 'SAN LORENZO - Nariño'),
	(768, '693', 'SAN PABLO', 1271, '52', 'SAN PAvLO', 'Narino', 'SAN PAvLO-Narino', '52693', 'SAN PABLO - Nariño'),
	(769, '694', 'SAN PEDRO DE CARTAGO', 1271, '52', 'SAN PEDRO DE sARTAjO', 'Narino', 'SAN PEDRO DE sARTAjO-Narino', '52694', 'SAN PEDRO DE CARTAGO - Nariño'),
	(770, '696', 'SANTA BÁRBARA', 1271, '52', 'SANTA vaRvARA', 'Narino', 'SANTA vaRvARA-Narino', '52696', 'SANTA BÁRBARA - Nariño'),
	(771, '699', 'SANTACRUZ', 1271, '52', 'SANTAsRUs', 'Narino', 'SANTAsRUs-Narino', '52699', 'SANTACRUZ - Nariño'),
	(772, '720', 'SAPUYES', 1271, '52', 'SAPUiES', 'Narino', 'SAPUiES-Narino', '52720', 'SAPUYES - Nariño'),
	(773, '786', 'TAMINANGO', 1271, '52', 'TAnINANjO', 'Narino', 'TAnINANjO-Narino', '52786', 'TAMINANGO - Nariño'),
	(774, '788', 'TANGUA', 1271, '52', 'TANjUA', 'Narino', 'TANjUA-Narino', '52788', 'TANGUA - Nariño'),
	(775, '835', 'SAN ANDRES DE TUMACO', 1271, '52', 'SAN ANDRES DE TUnAsO', 'Narino', 'SAN ANDRES DE TUnAsO-Narino', '52835', 'SAN ANDRES DE TUMACO - Nariño'),
	(776, '838', 'TÚQUERRES', 1271, '52', 'TuQUErES', 'Narino', 'TuQUErES-Narino', '52838', 'TÚQUERRES - Nariño'),
	(777, '885', 'YACUANQUER', 1271, '52', 'iAsUANQUER', 'Narino', 'iAsUANQUER-Narino', '52885', 'YACUANQUER - Nariño'),
	(778, '001', 'CÚCUTA', 1272, '54', 'susUTA', 'Norte de Santander', 'susUTA-Norte de Santander', '54001', 'CÚCUTA - Norte de Santander'),
	(779, '003', 'ABREGO', 1272, '54', 'AvREjO', 'Norte de Santander', 'AvREjO-Norte de Santander', '54003', 'ABREGO - Norte de Santander'),
	(780, '051', 'ARBOLEDAS', 1272, '54', 'ARvOLEDAS', 'Norte de Santander', 'ARvOLEDAS-Norte de Santander', '54051', 'ARBOLEDAS - Norte de Santander'),
	(781, '099', 'BOCHALEMA', 1272, '54', 'vOsALEnA', 'Norte de Santander', 'vOsALEnA-Norte de Santander', '54099', 'BOCHALEMA - Norte de Santander'),
	(782, '109', 'BUCARASICA', 1272, '54', 'vUsARASIsA', 'Norte de Santander', 'vUsARASIsA-Norte de Santander', '54109', 'BUCARASICA - Norte de Santander'),
	(783, '125', 'CÁCOTA', 1272, '54', 'sasOTA', 'Norte de Santander', 'sasOTA-Norte de Santander', '54125', 'CÁCOTA - Norte de Santander'),
	(784, '128', 'CACHIRÁ', 1272, '54', 'sAsIRa', 'Norte de Santander', 'sAsIRa-Norte de Santander', '54128', 'CACHIRÁ - Norte de Santander'),
	(785, '172', 'CHINÁCOTA', 1272, '54', 'sINasOTA', 'Norte de Santander', 'sINasOTA-Norte de Santander', '54172', 'CHINÁCOTA - Norte de Santander'),
	(786, '174', 'CHITAGÁ', 1272, '54', 'sITAja', 'Norte de Santander', 'sITAja-Norte de Santander', '54174', 'CHITAGÁ - Norte de Santander'),
	(787, '206', 'CONVENCIÓN', 1272, '54', 'sONVENsIoN', 'Norte de Santander', 'sONVENsIoN-Norte de Santander', '54206', 'CONVENCIÓN - Norte de Santander'),
	(788, '223', 'CUCUTILLA', 1272, '54', 'sUsUTIiA', 'Norte de Santander', 'sUsUTIiA-Norte de Santander', '54223', 'CUCUTILLA - Norte de Santander'),
	(789, '239', 'DURANIA', 1272, '54', 'DURANIA', 'Norte de Santander', 'DURANIA-Norte de Santander', '54239', 'DURANIA - Norte de Santander'),
	(790, '245', 'EL CARMEN', 1272, '54', 'EL sARnEN', 'Norte de Santander', 'EL sARnEN-Norte de Santander', '54245', 'EL CARMEN - Norte de Santander'),
	(791, '250', 'EL TARRA', 1272, '54', 'EL TArA', 'Norte de Santander', 'EL TArA-Norte de Santander', '54250', 'EL TARRA - Norte de Santander'),
	(792, '261', 'EL ZULIA', 1272, '54', 'EL sULIA', 'Norte de Santander', 'EL sULIA-Norte de Santander', '54261', 'EL ZULIA - Norte de Santander'),
	(793, '313', 'GRAMALOTE', 1272, '54', 'jRAnALOTE', 'Norte de Santander', 'jRAnALOTE-Norte de Santander', '54313', 'GRAMALOTE - Norte de Santander'),
	(794, '344', 'HACARÍ', 1272, '54', 'AsARi', 'Norte de Santander', 'AsARi-Norte de Santander', '54344', 'HACARÍ - Norte de Santander'),
	(795, '347', 'HERRÁN', 1272, '54', 'EraN', 'Norte de Santander', 'EraN-Norte de Santander', '54347', 'HERRÁN - Norte de Santander'),
	(796, '377', 'LABATECA', 1272, '54', 'LAvATEsA', 'Norte de Santander', 'LAvATEsA-Norte de Santander', '54377', 'LABATECA - Norte de Santander'),
	(797, '385', 'LA ESPERANZA', 1272, '54', 'LA ESPERANsA', 'Norte de Santander', 'LA ESPERANsA-Norte de Santander', '54385', 'LA ESPERANZA - Norte de Santander'),
	(798, '398', 'LA PLAYA', 1272, '54', 'LA PLAiA', 'Norte de Santander', 'LA PLAiA-Norte de Santander', '54398', 'LA PLAYA - Norte de Santander'),
	(799, '405', 'LOS PATIOS', 1272, '54', 'LOS PATIOS', 'Norte de Santander', 'LOS PATIOS-Norte de Santander', '54405', 'LOS PATIOS - Norte de Santander'),
	(800, '418', 'LOURDES', 1272, '54', 'LOURDES', 'Norte de Santander', 'LOURDES-Norte de Santander', '54418', 'LOURDES - Norte de Santander'),
	(801, '480', 'MUTISCUA', 1272, '54', 'nUTISsUA', 'Norte de Santander', 'nUTISsUA-Norte de Santander', '54480', 'MUTISCUA - Norte de Santander'),
	(802, '498', 'OCAÑA', 1272, '54', 'OsAnA', 'Norte de Santander', 'OsAnA-Norte de Santander', '54498', 'OCAÑA - Norte de Santander'),
	(803, '518', 'PAMPLONA', 1272, '54', 'PAnPLONA', 'Norte de Santander', 'PAnPLONA-Norte de Santander', '54518', 'PAMPLONA - Norte de Santander'),
	(804, '520', 'PAMPLONITA', 1272, '54', 'PAnPLONITA', 'Norte de Santander', 'PAnPLONITA-Norte de Santander', '54520', 'PAMPLONITA - Norte de Santander'),
	(805, '553', 'PUERTO SANTANDER', 1272, '54', 'PUERTO SANTANDER', 'Norte de Santander', 'PUERTO SANTANDER-Norte de Santander', '54553', 'PUERTO SANTANDER - Norte de Santander'),
	(806, '599', 'RAGONVALIA', 1272, '54', 'RAjONVALIA', 'Norte de Santander', 'RAjONVALIA-Norte de Santander', '54599', 'RAGONVALIA - Norte de Santander'),
	(807, '660', 'SALAZAR', 1272, '54', 'SALAsAR', 'Norte de Santander', 'SALAsAR-Norte de Santander', '54660', 'SALAZAR - Norte de Santander'),
	(808, '670', 'SAN CALIXTO', 1272, '54', 'SAN sALIjTO', 'Norte de Santander', 'SAN sALIjTO-Norte de Santander', '54670', 'SAN CALIXTO - Norte de Santander'),
	(809, '673', 'SAN CAYETANO', 1272, '54', 'SAN sAiETANO', 'Norte de Santander', 'SAN sAiETANO-Norte de Santander', '54673', 'SAN CAYETANO - Norte de Santander'),
	(810, '680', 'SANTIAGO', 1272, '54', 'SANTIAjO', 'Norte de Santander', 'SANTIAjO-Norte de Santander', '54680', 'SANTIAGO - Norte de Santander'),
	(811, '720', 'SARDINATA', 1272, '54', 'SARDINATA', 'Norte de Santander', 'SARDINATA-Norte de Santander', '54720', 'SARDINATA - Norte de Santander'),
	(812, '743', 'SILOS', 1272, '54', 'SILOS', 'Norte de Santander', 'SILOS-Norte de Santander', '54743', 'SILOS - Norte de Santander'),
	(813, '800', 'TEORAMA', 1272, '54', 'TEORAnA', 'Norte de Santander', 'TEORAnA-Norte de Santander', '54800', 'TEORAMA - Norte de Santander'),
	(814, '810', 'TIBÚ', 1272, '54', 'TIvu', 'Norte de Santander', 'TIvu-Norte de Santander', '54810', 'TIBÚ - Norte de Santander'),
	(815, '820', 'TOLEDO', 1272, '54', 'TOLEDO', 'Norte de Santander', 'TOLEDO-Norte de Santander', '54820', 'TOLEDO - Norte de Santander'),
	(816, '871', 'VILLA CARO', 1272, '54', 'VIiA sARO', 'Norte de Santander', 'VIiA sARO-Norte de Santander', '54871', 'VILLA CARO - Norte de Santander'),
	(817, '874', 'VILLA DEL ROSARIO', 1272, '54', 'VIiA DEL ROSARIO', 'Norte de Santander', 'VIiA DEL ROSARIO-Norte de Santander', '54874', 'VILLA DEL ROSARIO - Norte de Santander'),
	(818, '001', 'ARMENIA', 1273, '63', 'ARnENIA', 'Quindio', 'ARnENIA-Quindio', '63001', 'ARMENIA - Quindío'),
	(819, '111', 'BUENAVISTA', 1273, '63', 'vUENAVISTA', 'Quindio', 'vUENAVISTA-Quindio', '63111', 'BUENAVISTA - Quindío'),
	(820, '130', 'CALARCA', 1273, '63', 'sALARsA', 'Quindio', 'sALARsA-Quindio', '63130', 'CALARCA - Quindío'),
	(821, '190', 'CIRCASIA', 1273, '63', 'sIRsASIA', 'Quindio', 'sIRsASIA-Quindio', '63190', 'CIRCASIA - Quindío'),
	(822, '212', 'CÓRDOBA', 1273, '63', 'soRDOvA', 'Quindio', 'soRDOvA-Quindio', '63212', 'CÓRDOBA - Quindío'),
	(823, '272', 'FILANDIA', 1273, '63', 'FILANDIA', 'Quindio', 'FILANDIA-Quindio', '63272', 'FILANDIA - Quindío'),
	(824, '302', 'GÉNOVA', 1273, '63', 'jeNOVA', 'Quindio', 'jeNOVA-Quindio', '63302', 'GÉNOVA - Quindío'),
	(825, '401', 'LA TEBAIDA', 1273, '63', 'LA TEvAIDA', 'Quindio', 'LA TEvAIDA-Quindio', '63401', 'LA TEBAIDA - Quindío'),
	(826, '470', 'MONTENEGRO', 1273, '63', 'nONTENEjRO', 'Quindio', 'nONTENEjRO-Quindio', '63470', 'MONTENEGRO - Quindío'),
	(827, '548', 'PIJAO', 1273, '63', 'PIJAO', 'Quindio', 'PIJAO-Quindio', '63548', 'PIJAO - Quindío'),
	(828, '594', 'QUIMBAYA', 1273, '63', 'QUInvAiA', 'Quindio', 'QUInvAiA-Quindio', '63594', 'QUIMBAYA - Quindío'),
	(829, '690', 'SALENTO', 1273, '63', 'SALENTO', 'Quindio', 'SALENTO-Quindio', '63690', 'SALENTO - Quindío'),
	(830, '001', 'PEREIRA', 1274, '66', 'PEREIRA', 'Risaralda', 'PEREIRA-Risaralda', '66001', 'PEREIRA - Risaralda'),
	(831, '045', 'APÍA', 1274, '66', 'APiA', 'Risaralda', 'APiA-Risaralda', '66045', 'APÍA - Risaralda'),
	(832, '075', 'BALBOA', 1274, '66', 'vALvOA', 'Risaralda', 'vALvOA-Risaralda', '66075', 'BALBOA - Risaralda'),
	(833, '088', 'BELÉN DE UMBRÍA', 1274, '66', 'vELeN DE UnvRiA', 'Risaralda', 'vELeN DE UnvRiA-Risaralda', '66088', 'BELÉN DE UMBRÍA - Risaralda'),
	(834, '170', 'DOSQUEBRADAS', 1274, '66', 'DOSQUEvRADAS', 'Risaralda', 'DOSQUEvRADAS-Risaralda', '66170', 'DOSQUEBRADAS - Risaralda'),
	(835, '318', 'GUÁTICA', 1274, '66', 'jUaTIsA', 'Risaralda', 'jUaTIsA-Risaralda', '66318', 'GUÁTICA - Risaralda'),
	(836, '383', 'LA CELIA', 1274, '66', 'LA sELIA', 'Risaralda', 'LA sELIA-Risaralda', '66383', 'LA CELIA - Risaralda'),
	(837, '400', 'LA VIRGINIA', 1274, '66', 'LA VIRjINIA', 'Risaralda', 'LA VIRjINIA-Risaralda', '66400', 'LA VIRGINIA - Risaralda'),
	(838, '440', 'MARSELLA', 1274, '66', 'nARSEiA', 'Risaralda', 'nARSEiA-Risaralda', '66440', 'MARSELLA - Risaralda'),
	(839, '456', 'MISTRATÓ', 1274, '66', 'nISTRATo', 'Risaralda', 'nISTRATo-Risaralda', '66456', 'MISTRATÓ - Risaralda'),
	(840, '572', 'PUEBLO RICO', 1274, '66', 'PUEvLO RIsO', 'Risaralda', 'PUEvLO RIsO-Risaralda', '66572', 'PUEBLO RICO - Risaralda'),
	(841, '594', 'QUINCHÍA', 1274, '66', 'QUINsiA', 'Risaralda', 'QUINsiA-Risaralda', '66594', 'QUINCHÍA - Risaralda'),
	(842, '682', 'SANTA ROSA DE CABAL', 1274, '66', 'SANTA ROSA DE sAvAL', 'Risaralda', 'SANTA ROSA DE sAvAL-Risaralda', '66682', 'SANTA ROSA DE CABAL - Risaralda'),
	(843, '687', 'SANTUARIO', 1274, '66', 'SANTUARIO', 'Risaralda', 'SANTUARIO-Risaralda', '66687', 'SANTUARIO - Risaralda'),
	(844, '001', 'BUCARAMANGA', 1275, '68', 'vUsARAnANjA', 'Santander', 'vUsARAnANjA-Santander', '68001', 'BUCARAMANGA - Santander'),
	(845, '013', 'AGUADA', 1275, '68', 'AjUADA', 'Santander', 'AjUADA-Santander', '68013', 'AGUADA - Santander'),
	(846, '020', 'ALBANIA', 1275, '68', 'ALvANIA', 'Santander', 'ALvANIA-Santander', '68020', 'ALBANIA - Santander'),
	(847, '051', 'ARATOCA', 1275, '68', 'ARATOsA', 'Santander', 'ARATOsA-Santander', '68051', 'ARATOCA - Santander'),
	(848, '077', 'BARBOSA', 1275, '68', 'vARvOSA', 'Santander', 'vARvOSA-Santander', '68077', 'BARBOSA - Santander'),
	(849, '079', 'BARICHARA', 1275, '68', 'vARIsARA', 'Santander', 'vARIsARA-Santander', '68079', 'BARICHARA - Santander'),
	(850, '081', 'BARRANCABERMEJA', 1275, '68', 'vArANsAvERnEJA', 'Santander', 'vArANsAvERnEJA-Santander', '68081', 'BARRANCABERMEJA - Santander'),
	(851, '092', 'BETULIA', 1275, '68', 'vETULIA', 'Santander', 'vETULIA-Santander', '68092', 'BETULIA - Santander'),
	(852, '101', 'BOLÍVAR', 1275, '68', 'vOLiVAR', 'Santander', 'vOLiVAR-Santander', '68101', 'BOLÍVAR - Santander'),
	(853, '121', 'CABRERA', 1275, '68', 'sAvRERA', 'Santander', 'sAvRERA-Santander', '68121', 'CABRERA - Santander'),
	(854, '132', 'CALIFORNIA', 1275, '68', 'sALIFORNIA', 'Santander', 'sALIFORNIA-Santander', '68132', 'CALIFORNIA - Santander'),
	(855, '147', 'CAPITANEJO', 1275, '68', 'sAPITANEJO', 'Santander', 'sAPITANEJO-Santander', '68147', 'CAPITANEJO - Santander'),
	(856, '152', 'CARCASÍ', 1275, '68', 'sARsASi', 'Santander', 'sARsASi-Santander', '68152', 'CARCASÍ - Santander'),
	(857, '160', 'CEPITÁ', 1275, '68', 'sEPITa', 'Santander', 'sEPITa-Santander', '68160', 'CEPITÁ - Santander'),
	(858, '162', 'CERRITO', 1275, '68', 'sErITO', 'Santander', 'sErITO-Santander', '68162', 'CERRITO - Santander'),
	(859, '167', 'CHARALÁ', 1275, '68', 'sARALa', 'Santander', 'sARALa-Santander', '68167', 'CHARALÁ - Santander'),
	(860, '169', 'CHARTA', 1275, '68', 'sARTA', 'Santander', 'sARTA-Santander', '68169', 'CHARTA - Santander'),
	(861, '176', 'CHIMA', 1275, '68', 'sInA', 'Santander', 'sInA-Santander', '68176', 'CHIMA - Santander'),
	(862, '179', 'CHIPATÁ', 1275, '68', 'sIPATa', 'Santander', 'sIPATa-Santander', '68179', 'CHIPATÁ - Santander'),
	(863, '190', 'CIMITARRA', 1275, '68', 'sInITArA', 'Santander', 'sInITArA-Santander', '68190', 'CIMITARRA - Santander'),
	(864, '207', 'CONCEPCIÓN', 1275, '68', 'sONsEPsIoN', 'Santander', 'sONsEPsIoN-Santander', '68207', 'CONCEPCIÓN - Santander'),
	(865, '209', 'CONFINES', 1275, '68', 'sONFINES', 'Santander', 'sONFINES-Santander', '68209', 'CONFINES - Santander'),
	(866, '211', 'CONTRATACIÓN', 1275, '68', 'sONTRATAsIoN', 'Santander', 'sONTRATAsIoN-Santander', '68211', 'CONTRATACIÓN - Santander'),
	(867, '217', 'COROMORO', 1275, '68', 'sOROnORO', 'Santander', 'sOROnORO-Santander', '68217', 'COROMORO - Santander'),
	(868, '229', 'CURITÍ', 1275, '68', 'sURITi', 'Santander', 'sURITi-Santander', '68229', 'CURITÍ - Santander'),
	(869, '235', 'EL CARMEN DE CHUCURÍ', 1275, '68', 'EL sARnEN DE sUsURi', 'Santander', 'EL sARnEN DE sUsURi-Santander', '68235', 'EL CARMEN DE CHUCURÍ - Santander'),
	(870, '245', 'EL GUACAMAYO', 1275, '68', 'EL jUAsAnAiO', 'Santander', 'EL jUAsAnAiO-Santander', '68245', 'EL GUACAMAYO - Santander'),
	(871, '250', 'EL PEÑÓN', 1275, '68', 'EL PEnoN', 'Santander', 'EL PEnoN-Santander', '68250', 'EL PEÑÓN - Santander'),
	(872, '255', 'EL PLAYÓN', 1275, '68', 'EL PLAioN', 'Santander', 'EL PLAioN-Santander', '68255', 'EL PLAYÓN - Santander'),
	(873, '264', 'ENCINO', 1275, '68', 'ENsINO', 'Santander', 'ENsINO-Santander', '68264', 'ENCINO - Santander'),
	(874, '266', 'ENCISO', 1275, '68', 'ENsISO', 'Santander', 'ENsISO-Santander', '68266', 'ENCISO - Santander'),
	(875, '271', 'FLORIÁN', 1275, '68', 'FLORIaN', 'Santander', 'FLORIaN-Santander', '68271', 'FLORIÁN - Santander'),
	(876, '276', 'FLORIDABLANCA', 1275, '68', 'FLORIDAvLANsA', 'Santander', 'FLORIDAvLANsA-Santander', '68276', 'FLORIDABLANCA - Santander'),
	(877, '296', 'GALÁN', 1275, '68', 'jALaN', 'Santander', 'jALaN-Santander', '68296', 'GALÁN - Santander'),
	(878, '298', 'GAMBITA', 1275, '68', 'jAnvITA', 'Santander', 'jAnvITA-Santander', '68298', 'GAMBITA - Santander'),
	(879, '307', 'GIRÓN', 1275, '68', 'jIRoN', 'Santander', 'jIRoN-Santander', '68307', 'GIRÓN - Santander'),
	(880, '318', 'GUACA', 1275, '68', 'jUAsA', 'Santander', 'jUAsA-Santander', '68318', 'GUACA - Santander'),
	(881, '320', 'GUADALUPE', 1275, '68', 'jUADALUPE', 'Santander', 'jUADALUPE-Santander', '68320', 'GUADALUPE - Santander'),
	(882, '322', 'GUAPOTÁ', 1275, '68', 'jUAPOTa', 'Santander', 'jUAPOTa-Santander', '68322', 'GUAPOTÁ - Santander'),
	(883, '324', 'GUAVATÁ', 1275, '68', 'jUAVATa', 'Santander', 'jUAVATa-Santander', '68324', 'GUAVATÁ - Santander'),
	(884, '327', 'GÜEPSA', 1275, '68', 'jÜEPSA', 'Santander', 'jÜEPSA-Santander', '68327', 'GÜEPSA - Santander'),
	(885, '344', 'HATO', 1275, '68', 'ATO', 'Santander', 'ATO-Santander', '68344', 'HATO - Santander'),
	(886, '368', 'JESÚS MARÍA', 1275, '68', 'JESuS nARiA', 'Santander', 'JESuS nARiA-Santander', '68368', 'JESÚS MARÍA - Santander'),
	(887, '370', 'JORDÁN', 1275, '68', 'JORDaN', 'Santander', 'JORDaN-Santander', '68370', 'JORDÁN - Santander'),
	(888, '377', 'LA BELLEZA', 1275, '68', 'LA vElsA', 'Santander', 'LA vElsA-Santander', '68377', 'LA BELLEZA - Santander'),
	(889, '385', 'LANDÁZURI', 1275, '68', 'LANDasURI', 'Santander', 'LANDasURI-Santander', '68385', 'LANDÁZURI - Santander'),
	(890, '397', 'LA PAZ', 1275, '68', 'LA PAs', 'Santander', 'LA PAs-Santander', '68397', 'LA PAZ - Santander'),
	(891, '406', 'LEBRIJA', 1275, '68', 'LEvRIJA', 'Santander', 'LEvRIJA-Santander', '68406', 'LEBRIJA - Santander'),
	(892, '418', 'LOS SANTOS', 1275, '68', 'LOS SANTOS', 'Santander', 'LOS SANTOS-Santander', '68418', 'LOS SANTOS - Santander'),
	(893, '425', 'MACARAVITA', 1275, '68', 'nAsARAVITA', 'Santander', 'nAsARAVITA-Santander', '68425', 'MACARAVITA - Santander'),
	(894, '432', 'MÁLAGA', 1275, '68', 'naLAjA', 'Santander', 'naLAjA-Santander', '68432', 'MÁLAGA - Santander'),
	(895, '444', 'MATANZA', 1275, '68', 'nATANsA', 'Santander', 'nATANsA-Santander', '68444', 'MATANZA - Santander'),
	(896, '464', 'MOGOTES', 1275, '68', 'nOjOTES', 'Santander', 'nOjOTES-Santander', '68464', 'MOGOTES - Santander'),
	(897, '468', 'MOLAGAVITA', 1275, '68', 'nOLAjAVITA', 'Santander', 'nOLAjAVITA-Santander', '68468', 'MOLAGAVITA - Santander'),
	(898, '498', 'OCAMONTE', 1275, '68', 'OsAnONTE', 'Santander', 'OsAnONTE-Santander', '68498', 'OCAMONTE - Santander'),
	(899, '500', 'OIBA', 1275, '68', 'OIvA', 'Santander', 'OIvA-Santander', '68500', 'OIBA - Santander'),
	(900, '502', 'ONZAGA', 1275, '68', 'ONsAjA', 'Santander', 'ONsAjA-Santander', '68502', 'ONZAGA - Santander'),
	(901, '522', 'PALMAR', 1275, '68', 'PALnAR', 'Santander', 'PALnAR-Santander', '68522', 'PALMAR - Santander'),
	(902, '524', 'PALMAS DEL SOCORRO', 1275, '68', 'PALnAS DEL SOsOrO', 'Santander', 'PALnAS DEL SOsOrO-Santander', '68524', 'PALMAS DEL SOCORRO - Santander'),
	(903, '533', 'PÁRAMO', 1275, '68', 'PaRAnO', 'Santander', 'PaRAnO-Santander', '68533', 'PÁRAMO - Santander'),
	(904, '547', 'PIEDECUESTA', 1275, '68', 'PIEDEsUESTA', 'Santander', 'PIEDEsUESTA-Santander', '68547', 'PIEDECUESTA - Santander'),
	(905, '549', 'PINCHOTE', 1275, '68', 'PINsOTE', 'Santander', 'PINsOTE-Santander', '68549', 'PINCHOTE - Santander'),
	(906, '572', 'PUENTE NACIONAL', 1275, '68', 'PUENTE NAsIONAL', 'Santander', 'PUENTE NAsIONAL-Santander', '68572', 'PUENTE NACIONAL - Santander'),
	(907, '573', 'PUERTO PARRA', 1275, '68', 'PUERTO PArA', 'Santander', 'PUERTO PArA-Santander', '68573', 'PUERTO PARRA - Santander'),
	(908, '575', 'PUERTO WILCHES', 1275, '68', 'PUERTO uILsES', 'Santander', 'PUERTO uILsES-Santander', '68575', 'PUERTO WILCHES - Santander'),
	(909, '615', 'RIONEGRO', 1275, '68', 'RIONEjRO', 'Santander', 'RIONEjRO-Santander', '68615', 'RIONEGRO - Santander'),
	(910, '655', 'SABANA DE TORRES', 1275, '68', 'SAvANA DE TOrES', 'Santander', 'SAvANA DE TOrES-Santander', '68655', 'SABANA DE TORRES - Santander'),
	(911, '669', 'SAN ANDRÉS', 1275, '68', 'SAN ANDReS', 'Santander', 'SAN ANDReS-Santander', '68669', 'SAN ANDRÉS - Santander'),
	(912, '673', 'SAN BENITO', 1275, '68', 'SAN vENITO', 'Santander', 'SAN vENITO-Santander', '68673', 'SAN BENITO - Santander'),
	(913, '679', 'SAN GIL', 1275, '68', 'SAN jIL', 'Santander', 'SAN jIL-Santander', '68679', 'SAN GIL - Santander'),
	(914, '682', 'SAN JOAQUÍN', 1275, '68', 'SAN JOAQUiN', 'Santander', 'SAN JOAQUiN-Santander', '68682', 'SAN JOAQUÍN - Santander'),
	(915, '684', 'SAN JOSÉ DE MIRANDA', 1275, '68', 'SAN JOSe DE nIRANDA', 'Santander', 'SAN JOSe DE nIRANDA-Santander', '68684', 'SAN JOSÉ DE MIRANDA - Santander'),
	(916, '686', 'SAN MIGUEL', 1275, '68', 'SAN nIjUEL', 'Santander', 'SAN nIjUEL-Santander', '68686', 'SAN MIGUEL - Santander'),
	(917, '689', 'SAN VICENTE DE CHUCURÍ', 1275, '68', 'SAN VIsENTE DE sUsURi', 'Santander', 'SAN VIsENTE DE sUsURi-Santander', '68689', 'SAN VICENTE DE CHUCURÍ - Santander'),
	(918, '705', 'SANTA BÁRBARA', 1275, '68', 'SANTA vaRvARA', 'Santander', 'SANTA vaRvARA-Santander', '68705', 'SANTA BÁRBARA - Santander'),
	(919, '720', 'SANTA HELENA DEL OPÓN', 1275, '68', 'SANTA ELENA DEL OPoN', 'Santander', 'SANTA ELENA DEL OPoN-Santander', '68720', 'SANTA HELENA DEL OPÓN - Santander'),
	(920, '745', 'SIMACOTA', 1275, '68', 'SInAsOTA', 'Santander', 'SInAsOTA-Santander', '68745', 'SIMACOTA - Santander'),
	(921, '755', 'SOCORRO', 1275, '68', 'SOsOrO', 'Santander', 'SOsOrO-Santander', '68755', 'SOCORRO - Santander'),
	(922, '770', 'SUAITA', 1275, '68', 'SUAITA', 'Santander', 'SUAITA-Santander', '68770', 'SUAITA - Santander'),
	(923, '773', 'SUCRE', 1275, '68', 'SUsRE', 'Santander', 'SUsRE-Santander', '68773', 'SUCRE - Santander'),
	(924, '780', 'SURATÁ', 1275, '68', 'SURATa', 'Santander', 'SURATa-Santander', '68780', 'SURATÁ - Santander'),
	(925, '820', 'TONA', 1275, '68', 'TONA', 'Santander', 'TONA-Santander', '68820', 'TONA - Santander'),
	(926, '855', 'VALLE DE SAN JOSÉ', 1275, '68', 'VAl DE SAN JOSe', 'Santander', 'VAl DE SAN JOSe-Santander', '68855', 'VALLE DE SAN JOSÉ - Santander'),
	(927, '861', 'VÉLEZ', 1275, '68', 'VeLEs', 'Santander', 'VeLEs-Santander', '68861', 'VÉLEZ - Santander'),
	(928, '867', 'VETAS', 1275, '68', 'VETAS', 'Santander', 'VETAS-Santander', '68867', 'VETAS - Santander'),
	(929, '872', 'VILLANUEVA', 1275, '68', 'VIiANUEVA', 'Santander', 'VIiANUEVA-Santander', '68872', 'VILLANUEVA - Santander'),
	(930, '895', 'ZAPATOCA', 1275, '68', 'sAPATOsA', 'Santander', 'sAPATOsA-Santander', '68895', 'ZAPATOCA - Santander'),
	(931, '001', 'SINCELEJO', 1276, '70', 'SINsELEJO', 'Susre', 'SINsELEJO-Susre', '70001', 'SINCELEJO - Sucre'),
	(932, '110', 'BUENAVISTA', 1276, '70', 'vUENAVISTA', 'Susre', 'vUENAVISTA-Susre', '70110', 'BUENAVISTA - Sucre'),
	(933, '124', 'CAIMITO', 1276, '70', 'sAInITO', 'Susre', 'sAInITO-Susre', '70124', 'CAIMITO - Sucre'),
	(934, '204', 'COLOSO', 1276, '70', 'sOLOSO', 'Susre', 'sOLOSO-Susre', '70204', 'COLOSO - Sucre'),
	(935, '215', 'COROZAL', 1276, '70', 'sOROsAL', 'Susre', 'sOROsAL-Susre', '70215', 'COROZAL - Sucre'),
	(936, '221', 'COVEÑAS', 1276, '70', 'sOVEnAS', 'Susre', 'sOVEnAS-Susre', '70221', 'COVEÑAS - Sucre'),
	(937, '230', 'CHALÁN', 1276, '70', 'sALaN', 'Susre', 'sALaN-Susre', '70230', 'CHALÁN - Sucre'),
	(938, '233', 'EL ROBLE', 1276, '70', 'EL ROvLE', 'Susre', 'EL ROvLE-Susre', '70233', 'EL ROBLE - Sucre'),
	(939, '235', 'GALERAS', 1276, '70', 'jALERAS', 'Susre', 'jALERAS-Susre', '70235', 'GALERAS - Sucre'),
	(940, '265', 'GUARANDA', 1276, '70', 'jUARANDA', 'Susre', 'jUARANDA-Susre', '70265', 'GUARANDA - Sucre'),
	(941, '400', 'LA UNIÓN', 1276, '70', 'LA UNIoN', 'Susre', 'LA UNIoN-Susre', '70400', 'LA UNIÓN - Sucre'),
	(942, '418', 'LOS PALMITOS', 1276, '70', 'LOS PALnITOS', 'Susre', 'LOS PALnITOS-Susre', '70418', 'LOS PALMITOS - Sucre'),
	(943, '429', 'MAJAGUAL', 1276, '70', 'nAJAjUAL', 'Susre', 'nAJAjUAL-Susre', '70429', 'MAJAGUAL - Sucre'),
	(944, '473', 'MORROA', 1276, '70', 'nOrOA', 'Susre', 'nOrOA-Susre', '70473', 'MORROA - Sucre'),
	(945, '508', 'OVEJAS', 1276, '70', 'OVEJAS', 'Susre', 'OVEJAS-Susre', '70508', 'OVEJAS - Sucre'),
	(946, '523', 'PALMITO', 1276, '70', 'PALnITO', 'Susre', 'PALnITO-Susre', '70523', 'PALMITO - Sucre'),
	(947, '670', 'SAMPUÉS', 1276, '70', 'SAnPUeS', 'Susre', 'SAnPUeS-Susre', '70670', 'SAMPUÉS - Sucre'),
	(948, '678', 'SAN BENITO ABAD', 1276, '70', 'SAN vENITO AvAD', 'Susre', 'SAN vENITO AvAD-Susre', '70678', 'SAN BENITO ABAD - Sucre'),
	(949, '702', 'SAN JUAN DE BETULIA', 1276, '70', 'SAN JUAN DE vETULIA', 'Susre', 'SAN JUAN DE vETULIA-Susre', '70702', 'SAN JUAN DE BETULIA - Sucre'),
	(950, '708', 'SAN MARCOS', 1276, '70', 'SAN nARsOS', 'Susre', 'SAN nARsOS-Susre', '70708', 'SAN MARCOS - Sucre'),
	(951, '713', 'SAN ONOFRE', 1276, '70', 'SAN ONOFRE', 'Susre', 'SAN ONOFRE-Susre', '70713', 'SAN ONOFRE - Sucre'),
	(952, '717', 'SAN PEDRO', 1276, '70', 'SAN PEDRO', 'Susre', 'SAN PEDRO-Susre', '70717', 'SAN PEDRO - Sucre'),
	(953, '742', 'SAN LUIS DE SINCÉ', 1276, '70', 'SAN LUIS DE SINse', 'Susre', 'SAN LUIS DE SINse-Susre', '70742', 'SAN LUIS DE SINCÉ - Sucre'),
	(954, '771', 'SUCRE', 1276, '70', 'SUsRE', 'Susre', 'SUsRE-Susre', '70771', 'SUCRE - Sucre'),
	(955, '820', 'SANTIAGO DE TOLÚ', 1276, '70', 'SANTIAjO DE TOLu', 'Susre', 'SANTIAjO DE TOLu-Susre', '70820', 'SANTIAGO DE TOLÚ - Sucre'),
	(956, '823', 'TOLÚ VIEJO', 1276, '70', 'TOLu VIEJO', 'Susre', 'TOLu VIEJO-Susre', '70823', 'TOLÚ VIEJO - Sucre'),
	(957, '001', 'IBAGUÉ', 1277, '73', 'IvAjUe', 'Tolina', 'IvAjUe-Tolina', '73001', 'IBAGUÉ - Tolima'),
	(958, '024', 'ALPUJARRA', 1277, '73', 'ALPUJArA', 'Tolina', 'ALPUJArA-Tolina', '73024', 'ALPUJARRA - Tolima'),
	(959, '026', 'ALVARADO', 1277, '73', 'ALVARADO', 'Tolina', 'ALVARADO-Tolina', '73026', 'ALVARADO - Tolima'),
	(960, '030', 'AMBALEMA', 1277, '73', 'AnvALEnA', 'Tolina', 'AnvALEnA-Tolina', '73030', 'AMBALEMA - Tolima'),
	(961, '043', 'ANZOÁTEGUI', 1277, '73', 'ANsOaTEjUI', 'Tolina', 'ANsOaTEjUI-Tolina', '73043', 'ANZOÁTEGUI - Tolima'),
	(962, '055', 'ARMERO', 1277, '73', 'ARnERO', 'Tolina', 'ARnERO-Tolina', '73055', 'ARMERO - Tolima'),
	(963, '067', 'ATACO', 1277, '73', 'ATAsO', 'Tolina', 'ATAsO-Tolina', '73067', 'ATACO - Tolima'),
	(964, '124', 'CAJAMARCA', 1277, '73', 'sAJAnARsA', 'Tolina', 'sAJAnARsA-Tolina', '73124', 'CAJAMARCA - Tolima'),
	(965, '148', 'CARMEN DE APICALÁ', 1277, '73', 'sARnEN DE APIsALa', 'Tolina', 'sARnEN DE APIsALa-Tolina', '73148', 'CARMEN DE APICALÁ - Tolima'),
	(966, '152', 'CASABIANCA', 1277, '73', 'sASAvIANsA', 'Tolina', 'sASAvIANsA-Tolina', '73152', 'CASABIANCA - Tolima'),
	(967, '168', 'CHAPARRAL', 1277, '73', 'sAPArAL', 'Tolina', 'sAPArAL-Tolina', '73168', 'CHAPARRAL - Tolima'),
	(968, '200', 'COELLO', 1277, '73', 'sOEiO', 'Tolina', 'sOEiO-Tolina', '73200', 'COELLO - Tolima'),
	(969, '217', 'COYAIMA', 1277, '73', 'sOiAInA', 'Tolina', 'sOiAInA-Tolina', '73217', 'COYAIMA - Tolima'),
	(970, '226', 'CUNDAY', 1277, '73', 'sUNDAi', 'Tolina', 'sUNDAi-Tolina', '73226', 'CUNDAY - Tolima'),
	(971, '236', 'DOLORES', 1277, '73', 'DOLORES', 'Tolina', 'DOLORES-Tolina', '73236', 'DOLORES - Tolima'),
	(972, '268', 'ESPINAL', 1277, '73', 'ESPINAL', 'Tolina', 'ESPINAL-Tolina', '73268', 'ESPINAL - Tolima'),
	(973, '270', 'FALAN', 1277, '73', 'FALAN', 'Tolina', 'FALAN-Tolina', '73270', 'FALAN - Tolima'),
	(974, '275', 'FLANDES', 1277, '73', 'FLANDES', 'Tolina', 'FLANDES-Tolina', '73275', 'FLANDES - Tolima'),
	(975, '283', 'FRESNO', 1277, '73', 'FRESNO', 'Tolina', 'FRESNO-Tolina', '73283', 'FRESNO - Tolima'),
	(976, '319', 'GUAMO', 1277, '73', 'jUAnO', 'Tolina', 'jUAnO-Tolina', '73319', 'GUAMO - Tolima'),
	(977, '347', 'HERVEO', 1277, '73', 'ERVEO', 'Tolina', 'ERVEO-Tolina', '73347', 'HERVEO - Tolima'),
	(978, '349', 'HONDA', 1277, '73', 'ONDA', 'Tolina', 'ONDA-Tolina', '73349', 'HONDA - Tolima'),
	(979, '352', 'ICONONZO', 1277, '73', 'IsONONsO', 'Tolina', 'IsONONsO-Tolina', '73352', 'ICONONZO - Tolima'),
	(980, '408', 'LÉRIDA', 1277, '73', 'LeRIDA', 'Tolina', 'LeRIDA-Tolina', '73408', 'LÉRIDA - Tolima'),
	(981, '411', 'LÍBANO', 1277, '73', 'LivANO', 'Tolina', 'LivANO-Tolina', '73411', 'LÍBANO - Tolima'),
	(982, '443', 'MARIQUITA', 1277, '73', 'nARIQUITA', 'Tolina', 'nARIQUITA-Tolina', '73443', 'MARIQUITA - Tolima'),
	(983, '449', 'MELGAR', 1277, '73', 'nELjAR', 'Tolina', 'nELjAR-Tolina', '73449', 'MELGAR - Tolima'),
	(984, '461', 'MURILLO', 1277, '73', 'nURIiO', 'Tolina', 'nURIiO-Tolina', '73461', 'MURILLO - Tolima'),
	(985, '483', 'NATAGAIMA', 1277, '73', 'NATAjAInA', 'Tolina', 'NATAjAInA-Tolina', '73483', 'NATAGAIMA - Tolima'),
	(986, '504', 'ORTEGA', 1277, '73', 'ORTEjA', 'Tolina', 'ORTEjA-Tolina', '73504', 'ORTEGA - Tolima'),
	(987, '520', 'PALOCABILDO', 1277, '73', 'PALOsAvILDO', 'Tolina', 'PALOsAvILDO-Tolina', '73520', 'PALOCABILDO - Tolima'),
	(988, '547', 'PIEDRAS', 1277, '73', 'PIEDRAS', 'Tolina', 'PIEDRAS-Tolina', '73547', 'PIEDRAS - Tolima'),
	(989, '555', 'PLANADAS', 1277, '73', 'PLANADAS', 'Tolina', 'PLANADAS-Tolina', '73555', 'PLANADAS - Tolima'),
	(990, '563', 'PRADO', 1277, '73', 'PRADO', 'Tolina', 'PRADO-Tolina', '73563', 'PRADO - Tolima'),
	(991, '585', 'PURIFICACIÓN', 1277, '73', 'PURIFIsAsIoN', 'Tolina', 'PURIFIsAsIoN-Tolina', '73585', 'PURIFICACIÓN - Tolima'),
	(992, '616', 'RIOBLANCO', 1277, '73', 'RIOvLANsO', 'Tolina', 'RIOvLANsO-Tolina', '73616', 'RIOBLANCO - Tolima'),
	(993, '622', 'RONCESVALLES', 1277, '73', 'RONsESVAlS', 'Tolina', 'RONsESVAlS-Tolina', '73622', 'RONCESVALLES - Tolima'),
	(994, '624', 'ROVIRA', 1277, '73', 'ROVIRA', 'Tolina', 'ROVIRA-Tolina', '73624', 'ROVIRA - Tolima'),
	(995, '671', 'SALDAÑA', 1277, '73', 'SALDAnA', 'Tolina', 'SALDAnA-Tolina', '73671', 'SALDAÑA - Tolima'),
	(996, '675', 'SAN ANTONIO', 1277, '73', 'SAN ANTONIO', 'Tolina', 'SAN ANTONIO-Tolina', '73675', 'SAN ANTONIO - Tolima'),
	(997, '678', 'SAN LUIS', 1277, '73', 'SAN LUIS', 'Tolina', 'SAN LUIS-Tolina', '73678', 'SAN LUIS - Tolima'),
	(998, '686', 'SANTA ISABEL', 1277, '73', 'SANTA ISAvEL', 'Tolina', 'SANTA ISAvEL-Tolina', '73686', 'SANTA ISABEL - Tolima'),
	(999, '770', 'SUÁREZ', 1277, '73', 'SUaREs', 'Tolina', 'SUaREs-Tolina', '73770', 'SUÁREZ - Tolima'),
	(1000, '854', 'VALLE DE SAN JUAN', 1277, '73', 'VAl DE SAN JUAN', 'Tolina', 'VAl DE SAN JUAN-Tolina', '73854', 'VALLE DE SAN JUAN - Tolima'),
	(1001, '861', 'VENADILLO', 1277, '73', 'VENADIiO', 'Tolina', 'VENADIiO-Tolina', '73861', 'VENADILLO - Tolima'),
	(1002, '870', 'VILLAHERMOSA', 1277, '73', 'VIiAERnOSA', 'Tolina', 'VIiAERnOSA-Tolina', '73870', 'VILLAHERMOSA - Tolima'),
	(1003, '873', 'VILLARRICA', 1277, '73', 'VIiArIsA', 'Tolina', 'VIiArIsA-Tolina', '73873', 'VILLARRICA - Tolima'),
	(1004, '001', 'CALI', 1278, '76', 'sALI', 'Val del sausa', 'sALI-Val del sausa', '76001', 'CALI - Valle del Cauca'),
	(1005, '020', 'ALCALÁ', 1278, '76', 'ALsALa', 'Val del sausa', 'ALsALa-Val del sausa', '76020', 'ALCALÁ - Valle del Cauca'),
	(1006, '036', 'ANDALUCÍA', 1278, '76', 'ANDALUsiA', 'Val del sausa', 'ANDALUsiA-Val del sausa', '76036', 'ANDALUCÍA - Valle del Cauca'),
	(1007, '041', 'ANSERMANUEVO', 1278, '76', 'ANSERnANUEVO', 'Val del sausa', 'ANSERnANUEVO-Val del sausa', '76041', 'ANSERMANUEVO - Valle del Cauca'),
	(1008, '054', 'ARGELIA', 1278, '76', 'ARjELIA', 'Val del sausa', 'ARjELIA-Val del sausa', '76054', 'ARGELIA - Valle del Cauca'),
	(1009, '100', 'BOLÍVAR', 1278, '76', 'vOLiVAR', 'Val del sausa', 'vOLiVAR-Val del sausa', '76100', 'BOLÍVAR - Valle del Cauca'),
	(1010, '109', 'BUENAVENTURA', 1278, '76', 'vUENAVENTURA', 'Val del sausa', 'vUENAVENTURA-Val del sausa', '76109', 'BUENAVENTURA - Valle del Cauca'),
	(1011, '111', 'GUADALAJARA DE BUGA', 1278, '76', 'jUADALAJARA DE vUjA', 'Val del sausa', 'jUADALAJARA DE vUjA-Val del sausa', '76111', 'GUADALAJARA DE BUGA - Valle del Cauca'),
	(1012, '113', 'BUGALAGRANDE', 1278, '76', 'vUjALAjRANDE', 'Val del sausa', 'vUjALAjRANDE-Val del sausa', '76113', 'BUGALAGRANDE - Valle del Cauca'),
	(1013, '122', 'CAICEDONIA', 1278, '76', 'sAIsEDONIA', 'Val del sausa', 'sAIsEDONIA-Val del sausa', '76122', 'CAICEDONIA - Valle del Cauca'),
	(1014, '126', 'CALIMA', 1278, '76', 'sALInA', 'Val del sausa', 'sALInA-Val del sausa', '76126', 'CALIMA - Valle del Cauca'),
	(1015, '130', 'CANDELARIA', 1278, '76', 'sANDELARIA', 'Val del sausa', 'sANDELARIA-Val del sausa', '76130', 'CANDELARIA - Valle del Cauca'),
	(1016, '147', 'CARTAGO', 1278, '76', 'sARTAjO', 'Val del sausa', 'sARTAjO-Val del sausa', '76147', 'CARTAGO - Valle del Cauca'),
	(1017, '233', 'DAGUA', 1278, '76', 'DAjUA', 'Val del sausa', 'DAjUA-Val del sausa', '76233', 'DAGUA - Valle del Cauca'),
	(1018, '243', 'EL ÁGUILA', 1278, '76', 'EL ajUILA', 'Val del sausa', 'EL ajUILA-Val del sausa', '76243', 'EL ÁGUILA - Valle del Cauca'),
	(1019, '246', 'EL CAIRO', 1278, '76', 'EL sAIRO', 'Val del sausa', 'EL sAIRO-Val del sausa', '76246', 'EL CAIRO - Valle del Cauca'),
	(1020, '248', 'EL CERRITO', 1278, '76', 'EL sErITO', 'Val del sausa', 'EL sErITO-Val del sausa', '76248', 'EL CERRITO - Valle del Cauca'),
	(1021, '250', 'EL DOVIO', 1278, '76', 'EL DOVIO', 'Val del sausa', 'EL DOVIO-Val del sausa', '76250', 'EL DOVIO - Valle del Cauca'),
	(1022, '275', 'FLORIDA', 1278, '76', 'FLORIDA', 'Val del sausa', 'FLORIDA-Val del sausa', '76275', 'FLORIDA - Valle del Cauca'),
	(1023, '306', 'GINEBRA', 1278, '76', 'jINEvRA', 'Val del sausa', 'jINEvRA-Val del sausa', '76306', 'GINEBRA - Valle del Cauca'),
	(1024, '318', 'GUACARÍ', 1278, '76', 'jUAsARi', 'Val del sausa', 'jUAsARi-Val del sausa', '76318', 'GUACARÍ - Valle del Cauca'),
	(1025, '364', 'JAMUNDÍ', 1278, '76', 'JAnUNDi', 'Val del sausa', 'JAnUNDi-Val del sausa', '76364', 'JAMUNDÍ - Valle del Cauca'),
	(1026, '377', 'LA CUMBRE', 1278, '76', 'LA sUnvRE', 'Val del sausa', 'LA sUnvRE-Val del sausa', '76377', 'LA CUMBRE - Valle del Cauca'),
	(1027, '400', 'LA UNIÓN', 1278, '76', 'LA UNIoN', 'Val del sausa', 'LA UNIoN-Val del sausa', '76400', 'LA UNIÓN - Valle del Cauca'),
	(1028, '403', 'LA VICTORIA', 1278, '76', 'LA VIsTORIA', 'Val del sausa', 'LA VIsTORIA-Val del sausa', '76403', 'LA VICTORIA - Valle del Cauca'),
	(1029, '497', 'OBANDO', 1278, '76', 'OvANDO', 'Val del sausa', 'OvANDO-Val del sausa', '76497', 'OBANDO - Valle del Cauca'),
	(1030, '520', 'PALMIRA', 1278, '76', 'PALnIRA', 'Val del sausa', 'PALnIRA-Val del sausa', '76520', 'PALMIRA - Valle del Cauca'),
	(1031, '563', 'PRADERA', 1278, '76', 'PRADERA', 'Val del sausa', 'PRADERA-Val del sausa', '76563', 'PRADERA - Valle del Cauca'),
	(1032, '606', 'RESTREPO', 1278, '76', 'RESTREPO', 'Val del sausa', 'RESTREPO-Val del sausa', '76606', 'RESTREPO - Valle del Cauca'),
	(1033, '616', 'RIOFRÍO', 1278, '76', 'RIOFRiO', 'Val del sausa', 'RIOFRiO-Val del sausa', '76616', 'RIOFRÍO - Valle del Cauca'),
	(1034, '622', 'ROLDANILLO', 1278, '76', 'ROLDANIiO', 'Val del sausa', 'ROLDANIiO-Val del sausa', '76622', 'ROLDANILLO - Valle del Cauca'),
	(1035, '670', 'SAN PEDRO', 1278, '76', 'SAN PEDRO', 'Val del sausa', 'SAN PEDRO-Val del sausa', '76670', 'SAN PEDRO - Valle del Cauca'),
	(1036, '736', 'SEVILLA', 1278, '76', 'SEVIiA', 'Val del sausa', 'SEVIiA-Val del sausa', '76736', 'SEVILLA - Valle del Cauca'),
	(1037, '823', 'TORO', 1278, '76', 'TORO', 'Val del sausa', 'TORO-Val del sausa', '76823', 'TORO - Valle del Cauca'),
	(1038, '828', 'TRUJILLO', 1278, '76', 'TRUJIiO', 'Val del sausa', 'TRUJIiO-Val del sausa', '76828', 'TRUJILLO - Valle del Cauca'),
	(1039, '834', 'TULUÁ', 1278, '76', 'TULUa', 'Val del sausa', 'TULUa-Val del sausa', '76834', 'TULUÁ - Valle del Cauca'),
	(1040, '845', 'ULLOA', 1278, '76', 'UiOA', 'Val del sausa', 'UiOA-Val del sausa', '76845', 'ULLOA - Valle del Cauca'),
	(1041, '863', 'VERSALLES', 1278, '76', 'VERSAlS', 'Val del sausa', 'VERSAlS-Val del sausa', '76863', 'VERSALLES - Valle del Cauca'),
	(1042, '869', 'VIJES', 1278, '76', 'VIJES', 'Val del sausa', 'VIJES-Val del sausa', '76869', 'VIJES - Valle del Cauca'),
	(1043, '890', 'YOTOCO', 1278, '76', 'iOTOsO', 'Val del sausa', 'iOTOsO-Val del sausa', '76890', 'YOTOCO - Valle del Cauca'),
	(1044, '892', 'YUMBO', 1278, '76', 'iUnvO', 'Val del sausa', 'iUnvO-Val del sausa', '76892', 'YUMBO - Valle del Cauca'),
	(1045, '895', 'ZARZAL', 1278, '76', 'sARsAL', 'Val del sausa', 'sARsAL-Val del sausa', '76895', 'ZARZAL - Valle del Cauca'),
	(1046, '001', 'ARAUCA', 1279, '81', 'ARAUsA', 'Arausa', 'ARAUsA-Arausa', '81001', 'ARAUCA - Arauca'),
	(1047, '065', 'ARAUQUITA', 1279, '81', 'ARAUQUITA', 'Arausa', 'ARAUQUITA-Arausa', '81065', 'ARAUQUITA - Arauca'),
	(1048, '220', 'CRAVO NORTE', 1279, '81', 'sRAVO NORTE', 'Arausa', 'sRAVO NORTE-Arausa', '81220', 'CRAVO NORTE - Arauca'),
	(1049, '300', 'FORTUL', 1279, '81', 'FORTUL', 'Arausa', 'FORTUL-Arausa', '81300', 'FORTUL - Arauca'),
	(1050, '591', 'PUERTO RONDÓN', 1279, '81', 'PUERTO RONDoN', 'Arausa', 'PUERTO RONDoN-Arausa', '81591', 'PUERTO RONDÓN - Arauca'),
	(1051, '736', 'SARAVENA', 1279, '81', 'SARAVENA', 'Arausa', 'SARAVENA-Arausa', '81736', 'SARAVENA - Arauca'),
	(1052, '794', 'TAME', 1279, '81', 'TAnE', 'Arausa', 'TAnE-Arausa', '81794', 'TAME - Arauca'),
	(1053, '001', 'YOPAL', 1280, '85', 'iOPAL', 'sasanare', 'iOPAL-sasanare', '85001', 'YOPAL - Casanare'),
	(1054, '010', 'AGUAZUL', 1280, '85', 'AjUAsUL', 'sasanare', 'AjUAsUL-sasanare', '85010', 'AGUAZUL - Casanare'),
	(1055, '015', 'CHAMEZA', 1280, '85', 'sAnEsA', 'sasanare', 'sAnEsA-sasanare', '85015', 'CHAMEZA - Casanare'),
	(1056, '125', 'HATO COROZAL', 1280, '85', 'ATO sOROsAL', 'sasanare', 'ATO sOROsAL-sasanare', '85125', 'HATO COROZAL - Casanare'),
	(1057, '136', 'LA SALINA', 1280, '85', 'LA SALINA', 'sasanare', 'LA SALINA-sasanare', '85136', 'LA SALINA - Casanare'),
	(1058, '139', 'MANÍ', 1280, '85', 'nANi', 'sasanare', 'nANi-sasanare', '85139', 'MANÍ - Casanare'),
	(1059, '162', 'MONTERREY', 1280, '85', 'nONTErEi', 'sasanare', 'nONTErEi-sasanare', '85162', 'MONTERREY - Casanare'),
	(1060, '225', 'NUNCHÍA', 1280, '85', 'NUNsiA', 'sasanare', 'NUNsiA-sasanare', '85225', 'NUNCHÍA - Casanare'),
	(1061, '230', 'OROCUÉ', 1280, '85', 'OROsUe', 'sasanare', 'OROsUe-sasanare', '85230', 'OROCUÉ - Casanare'),
	(1062, '250', 'PAZ DE ARIPORO', 1280, '85', 'PAs DE ARIPORO', 'sasanare', 'PAs DE ARIPORO-sasanare', '85250', 'PAZ DE ARIPORO - Casanare'),
	(1063, '263', 'PORE', 1280, '85', 'PORE', 'sasanare', 'PORE-sasanare', '85263', 'PORE - Casanare'),
	(1064, '279', 'RECETOR', 1280, '85', 'REsETOR', 'sasanare', 'REsETOR-sasanare', '85279', 'RECETOR - Casanare'),
	(1065, '300', 'SABANALARGA', 1280, '85', 'SAvANALARjA', 'sasanare', 'SAvANALARjA-sasanare', '85300', 'SABANALARGA - Casanare'),
	(1066, '315', 'SÁCAMA', 1280, '85', 'SasAnA', 'sasanare', 'SasAnA-sasanare', '85315', 'SÁCAMA - Casanare'),
	(1067, '325', 'SAN LUIS DE PALENQUE', 1280, '85', 'SAN LUIS DE PALENQUE', 'sasanare', 'SAN LUIS DE PALENQUE-sasanare', '85325', 'SAN LUIS DE PALENQUE - Casanare'),
	(1068, '400', 'TÁMARA', 1280, '85', 'TanARA', 'sasanare', 'TanARA-sasanare', '85400', 'TÁMARA - Casanare'),
	(1069, '410', 'TAURAMENA', 1280, '85', 'TAURAnENA', 'sasanare', 'TAURAnENA-sasanare', '85410', 'TAURAMENA - Casanare'),
	(1070, '430', 'TRINIDAD', 1280, '85', 'TRINIDAD', 'sasanare', 'TRINIDAD-sasanare', '85430', 'TRINIDAD - Casanare'),
	(1071, '440', 'VILLANUEVA', 1280, '85', 'VIiANUEVA', 'sasanare', 'VIiANUEVA-sasanare', '85440', 'VILLANUEVA - Casanare'),
	(1072, '001', 'MOCOA', 1281, '86', 'nOsOA', 'Putunaio', 'nOsOA-Putunaio', '86001', 'MOCOA - Putumayo'),
	(1073, '219', 'COLÓN', 1281, '86', 'sOLoN', 'Putunaio', 'sOLoN-Putunaio', '86219', 'COLÓN - Putumayo'),
	(1074, '320', 'ORITO', 1281, '86', 'ORITO', 'Putunaio', 'ORITO-Putunaio', '86320', 'ORITO - Putumayo'),
	(1075, '568', 'PUERTO ASÍS', 1281, '86', 'PUERTO ASiS', 'Putunaio', 'PUERTO ASiS-Putunaio', '86568', 'PUERTO ASÍS - Putumayo'),
	(1076, '569', 'PUERTO CAICEDO', 1281, '86', 'PUERTO sAIsEDO', 'Putunaio', 'PUERTO sAIsEDO-Putunaio', '86569', 'PUERTO CAICEDO - Putumayo'),
	(1077, '571', 'PUERTO GUZMÁN', 1281, '86', 'PUERTO jUsnaN', 'Putunaio', 'PUERTO jUsnaN-Putunaio', '86571', 'PUERTO GUZMÁN - Putumayo'),
	(1078, '573', 'LEGUÍZAMO', 1281, '86', 'LEjUisAnO', 'Putunaio', 'LEjUisAnO-Putunaio', '86573', 'LEGUÍZAMO - Putumayo'),
	(1079, '749', 'SIBUNDOY', 1281, '86', 'SIvUNDOi', 'Putunaio', 'SIvUNDOi-Putunaio', '86749', 'SIBUNDOY - Putumayo'),
	(1080, '755', 'SAN FRANCISCO', 1281, '86', 'SAN FRANsISsO', 'Putunaio', 'SAN FRANsISsO-Putunaio', '86755', 'SAN FRANCISCO - Putumayo'),
	(1081, '757', 'SAN MIGUEL', 1281, '86', 'SAN nIjUEL', 'Putunaio', 'SAN nIjUEL-Putunaio', '86757', 'SAN MIGUEL - Putumayo'),
	(1082, '760', 'SANTIAGO', 1281, '86', 'SANTIAjO', 'Putunaio', 'SANTIAjO-Putunaio', '86760', 'SANTIAGO - Putumayo'),
	(1083, '865', 'VALLE DEL GUAMUEZ', 1281, '86', 'VAl DEL jUAnUEs', 'Putunaio', 'VAl DEL jUAnUEs-Putunaio', '86865', 'VALLE DEL GUAMUEZ - Putumayo'),
	(1084, '885', 'VILLAGARZÓN', 1281, '86', 'VIiAjARsoN', 'Putunaio', 'VIiAjARsoN-Putunaio', '86885', 'VILLAGARZÓN - Putumayo'),
	(1085, '001', 'SAN ANDRÉS', 1282, '88', 'SAN ANDReS', 'San Andres, Providensia i Santa satalina', 'SAN ANDReS-San Andres, Providensia i Santa satalina', '88001', 'SAN ANDRÉS - San Andrés, Providencia y Santa Catalina'),
	(1086, '564', 'PROVIDENCIA', 1282, '88', 'PROVIDENsIA', 'San Andres, Providensia i Santa satalina', 'PROVIDENsIA-San Andres, Providensia i Santa satalina', '88564', 'PROVIDENCIA - San Andrés, Providencia y Santa Catalina'),
	(1087, '001', 'LETICIA', 1283, '91', 'LETIsIA', 'Anasonas', 'LETIsIA-Anasonas', '91001', 'LETICIA - Amazonas'),
	(1088, '263', 'EL ENCANTO', 1283, '91', 'EL ENsANTO', 'Anasonas', 'EL ENsANTO-Anasonas', '91263', 'EL ENCANTO - Amazonas'),
	(1089, '405', 'LA CHORRERA', 1283, '91', 'LA sOrERA', 'Anasonas', 'LA sOrERA-Anasonas', '91405', 'LA CHORRERA - Amazonas'),
	(1090, '407', 'LA PEDRERA', 1283, '91', 'LA PEDRERA', 'Anasonas', 'LA PEDRERA-Anasonas', '91407', 'LA PEDRERA - Amazonas'),
	(1091, '430', 'LA VICTORIA', 1283, '91', 'LA VIsTORIA', 'Anasonas', 'LA VIsTORIA-Anasonas', '91430', 'LA VICTORIA - Amazonas'),
	(1092, '460', 'MIRITI-PARANÁ', 1283, '91', 'nIRITI-PARANa', 'Anasonas', 'nIRITI-PARANa-Anasonas', '91460', 'MIRITI-PARANÁ - Amazonas'),
	(1093, '530', 'PUERTO ALEGRÍA', 1283, '91', 'PUERTO ALEjRiA', 'Anasonas', 'PUERTO ALEjRiA-Anasonas', '91530', 'PUERTO ALEGRÍA - Amazonas'),
	(1094, '536', 'PUERTO ARICA', 1283, '91', 'PUERTO ARIsA', 'Anasonas', 'PUERTO ARIsA-Anasonas', '91536', 'PUERTO ARICA - Amazonas'),
	(1095, '540', 'PUERTO NARIÑO', 1283, '91', 'PUERTO NARInO', 'Anasonas', 'PUERTO NARInO-Anasonas', '91540', 'PUERTO NARIÑO - Amazonas'),
	(1096, '669', 'PUERTO SANTANDER', 1283, '91', 'PUERTO SANTANDER', 'Anasonas', 'PUERTO SANTANDER-Anasonas', '91669', 'PUERTO SANTANDER - Amazonas'),
	(1097, '798', 'TARAPACÁ', 1283, '91', 'TARAPAsa', 'Anasonas', 'TARAPAsa-Anasonas', '91798', 'TARAPACÁ - Amazonas'),
	(1098, '001', 'INÍRIDA', 1284, '94', 'INiRIDA', 'juainia', 'INiRIDA-juainia', '94001', 'INÍRIDA - Guainía'),
	(1099, '343', 'BARRANCO MINAS', 1284, '94', 'vArANsO nINAS', 'juainia', 'vArANsO nINAS-juainia', '94343', 'BARRANCO MINAS - Guainía'),
	(1100, '663', 'MAPIRIPANA', 1284, '94', 'nAPIRIPANA', 'juainia', 'nAPIRIPANA-juainia', '94663', 'MAPIRIPANA - Guainía'),
	(1101, '883', 'SAN FELIPE', 1284, '94', 'SAN FELIPE', 'juainia', 'SAN FELIPE-juainia', '94883', 'SAN FELIPE - Guainía'),
	(1102, '884', 'PUERTO COLOMBIA', 1284, '94', 'PUERTO sOLOnvIA', 'juainia', 'PUERTO sOLOnvIA-juainia', '94884', 'PUERTO COLOMBIA - Guainía'),
	(1103, '885', 'LA GUADALUPE', 1284, '94', 'LA jUADALUPE', 'juainia', 'LA jUADALUPE-juainia', '94885', 'LA GUADALUPE - Guainía'),
	(1104, '886', 'CACAHUAL', 1284, '94', 'sAsAUAL', 'juainia', 'sAsAUAL-juainia', '94886', 'CACAHUAL - Guainía'),
	(1105, '887', 'PANA PANA', 1284, '94', 'PANA PANA', 'juainia', 'PANA PANA-juainia', '94887', 'PANA PANA - Guainía'),
	(1106, '888', 'MORICHAL', 1284, '94', 'nORIsAL', 'juainia', 'nORIsAL-juainia', '94888', 'MORICHAL - Guainía'),
	(1107, '001', 'SAN JOSÉ DEL GUAVIARE', 1285, '95', 'SAN JOSe DEL jUAVIARE', 'juaviare', 'SAN JOSe DEL jUAVIARE-juaviare', '95001', 'SAN JOSÉ DEL GUAVIARE - Guaviare'),
	(1108, '015', 'CALAMAR', 1285, '95', 'sALAnAR', 'juaviare', 'sALAnAR-juaviare', '95015', 'CALAMAR - Guaviare'),
	(1109, '025', 'EL RETORNO', 1285, '95', 'EL RETORNO', 'juaviare', 'EL RETORNO-juaviare', '95025', 'EL RETORNO - Guaviare'),
	(1110, '200', 'MIRAFLORES', 1285, '95', 'nIRAFLORES', 'juaviare', 'nIRAFLORES-juaviare', '95200', 'MIRAFLORES - Guaviare'),
	(1111, '001', 'MITÚ', 1286, '97', 'nITu', 'Vaupes', 'nITu-Vaupes', '97001', 'MITÚ - Vaupés'),
	(1112, '161', 'CARURU', 1286, '97', 'sARURU', 'Vaupes', 'sARURU-Vaupes', '97161', 'CARURU - Vaupés'),
	(1113, '511', 'PACOA', 1286, '97', 'PAsOA', 'Vaupes', 'PAsOA-Vaupes', '97511', 'PACOA - Vaupés'),
	(1114, '666', 'TARAIRA', 1286, '97', 'TARAIRA', 'Vaupes', 'TARAIRA-Vaupes', '97666', 'TARAIRA - Vaupés'),
	(1115, '777', 'PAPUNAUA', 1286, '97', 'PAPUNAUA', 'Vaupes', 'PAPUNAUA-Vaupes', '97777', 'PAPUNAUA - Vaupés'),
	(1116, '889', 'YAVARATÉ', 1286, '97', 'iAVARATe', 'Vaupes', 'iAVARATe-Vaupes', '97889', 'YAVARATÉ - Vaupés'),
	(1117, '001', 'PUERTO CARREÑO', 1287, '99', 'PUERTO sArEnO', 'Visada', 'PUERTO sArEnO-Visada', '99001', 'PUERTO CARREÑO - Vichada'),
	(1118, '524', 'LA PRIMAVERA', 1287, '99', 'LA PRInAVERA', 'Visada', 'LA PRInAVERA-Visada', '99524', 'LA PRIMAVERA - Vichada'),
	(1119, '624', 'SANTA ROSALÍA', 1287, '99', 'SANTA ROSALiA', 'Visada', 'SANTA ROSALiA-Visada', '99624', 'SANTA ROSALÍA - Vichada'),
	(1120, '773', 'CUMARIBO', 1287, '99', 'sUnARIvO', 'Visada', 'sUnARIvO-Visada', '99773', 'CUMARIBO - Vichada'),
	(2000, '815', 'TUCHÍN', 1264, '23', '', '', '', '23815', 'TUCHÍN - Córdoba'),
	(2001, '685', 'SAN JOSÉ DE URÉ', 1264, '23', '', '', '', '23685', 'SAN JOSÉ DE URÉ - Córdoba');
/*!40000 ALTER TABLE `munc_dane` ENABLE KEYS */;


-- Dumping structure for table invt_mb.productos
CREATE TABLE IF NOT EXISTS `productos` (
  `id` int(10) NOT NULL AUTO_INCREMENT,
  `name_producto` varchar(200) DEFAULT NULL,
  `categoria_producto_id` int(11) NOT NULL,
  `unidad_medida` varchar(11) NOT NULL,
  `cantidad_producto` int(11) NOT NULL,
  `descripcion_producto` varchar(200) DEFAULT NULL,
  `activo` tinyint(4) DEFAULT NULL,
  `min_stock` int(11) DEFAULT NULL,
  `max_stock` int(11) DEFAULT NULL,
  `nivel_pedido` int(11) DEFAULT NULL,
  `img_producto_1` varchar(200) DEFAULT NULL,
  `img_producto_2` varchar(200) DEFAULT NULL,
  `img_producto_3` varchar(200) DEFAULT NULL,
  PRIMARY KEY (`id`),
  KEY `FK1categproducto` (`categoria_producto_id`),
  CONSTRAINT `FK1categproducto` FOREIGN KEY (`categoria_producto_id`) REFERENCES `categoria_productos` (`id`)
) ENGINE=InnoDB DEFAULT CHARSET=utf8 COMMENT='listado de productos';

-- Dumping data for table invt_mb.productos: ~0 rows (approximately)
DELETE FROM `productos`;
/*!40000 ALTER TABLE `productos` DISABLE KEYS */;
/*!40000 ALTER TABLE `productos` ENABLE KEYS */;


-- Dumping structure for table invt_mb.proveedores
CREATE TABLE IF NOT EXISTS `proveedores` (
  `id` int(10) NOT NULL AUTO_INCREMENT,
  `razon_social` varchar(200) DEFAULT NULL,
  `nombre` varchar(200) DEFAULT NULL,
  `nit` varchar(11) DEFAULT NULL,
  `slogan` varchar(200) DEFAULT NULL,
  `direccion_1` varchar(200) DEFAULT NULL,
  `direccion_2` varchar(200) DEFAULT NULL,
  `direccion_3` varchar(200) DEFAULT NULL,
  `telfijo_1` varchar(15) DEFAULT NULL,
  `telfijo_2` varchar(15) DEFAULT NULL,
  `telfijo_3` varchar(15) DEFAULT NULL,
  `celular_1` varchar(15) DEFAULT NULL,
  `celular_2` varchar(15) DEFAULT NULL,
  `celular_3` varchar(15) DEFAULT NULL,
  `representante legal` varchar(150) DEFAULT NULL,
  PRIMARY KEY (`id`)
) ENGINE=InnoDB DEFAULT CHARSET=utf8 ROW_FORMAT=COMPACT COMMENT='List of company';

-- Dumping data for table invt_mb.proveedores: ~0 rows (approximately)
DELETE FROM `proveedores`;
/*!40000 ALTER TABLE `proveedores` DISABLE KEYS */;
/*!40000 ALTER TABLE `proveedores` ENABLE KEYS */;


-- Dumping structure for table invt_mb.unidadesmedida
CREATE TABLE IF NOT EXISTS `unidadesmedida` (
  `id` int(10) NOT NULL DEFAULT '0',
  `descrp_unidad` varchar(200) DEFAULT NULL,
  `obsv_unidad` varchar(200) DEFAULT NULL,
  PRIMARY KEY (`id`)
) ENGINE=InnoDB DEFAULT CHARSET=utf8 COMMENT='unidades de medida';

-- Dumping data for table invt_mb.unidadesmedida: ~0 rows (approximately)
DELETE FROM `unidadesmedida`;
/*!40000 ALTER TABLE `unidadesmedida` DISABLE KEYS */;
/*!40000 ALTER TABLE `unidadesmedida` ENABLE KEYS */;


-- Dumping structure for table invt_mb.users
CREATE TABLE IF NOT EXISTS `users` (
  `id` int(10) NOT NULL AUTO_INCREMENT,
  `prinombre` varchar(100) NOT NULL,
  `demasnombres` varchar(100) DEFAULT NULL,
  `priapellido` varchar(100) NOT NULL,
  `segapellido` varchar(100) DEFAULT NULL,
  `username` varchar(100) NOT NULL,
  `password` varchar(100) NOT NULL,
  `cargo` varchar(100) NOT NULL,
  `rol` int(2) NOT NULL,
  PRIMARY KEY (`id`),
  KEY `grupo` (`rol`),
  CONSTRAINT `grupo` FOREIGN KEY (`rol`) REFERENCES `group_init` (`id`) ON DELETE CASCADE ON UPDATE CASCADE
) ENGINE=InnoDB AUTO_INCREMENT=3 DEFAULT CHARSET=utf8 ROW_FORMAT=DYNAMIC COMMENT='tabla de usuarios del sistema';

-- Dumping data for table invt_mb.users: ~2 rows (approximately)
DELETE FROM `users`;
/*!40000 ALTER TABLE `users` DISABLE KEYS */;
INSERT INTO `users` (`id`, `prinombre`, `demasnombres`, `priapellido`, `segapellido`, `username`, `password`, `cargo`, `rol`) VALUES
	(1, 'Humberto', '-', 'Fierro', 'Prieto', 'hfierro', '79879282', '', 1),
	(2, 'secretaria', '-', 'colegio', '-', 'secre', '123', '', 2);
/*!40000 ALTER TABLE `users` ENABLE KEYS */;


-- Dumping structure for table invt_mb.warehouse
CREATE TABLE IF NOT EXISTS `warehouse` (
  `id` int(10) NOT NULL AUTO_INCREMENT,
  `name_warehouse` varchar(100) DEFAULT NULL,
  `id_company` int(11) NOT NULL,
  `direccion_warehouse` varchar(200) DEFAULT NULL,
  `tel_warehouse_1` varchar(15) DEFAULT NULL,
  `tel_warehouse_2` varchar(15) DEFAULT NULL,
  `tel_warehouse_3` varchar(15) DEFAULT NULL,
  `cel_warehouse_1` varchar(15) DEFAULT NULL,
  `cel_warehouse_2` varchar(15) DEFAULT NULL,
  `cel_warehouse_3` varchar(15) DEFAULT NULL,
  `jefe_warehouse_userid` int(15) NOT NULL COMMENT 'userid key',
  `horario_warehouse` varchar(200) DEFAULT NULL,
  `img-mapa_llegada` varchar(200) DEFAULT NULL,
  PRIMARY KEY (`id`),
  KEY `id_company` (`id_company`),
  CONSTRAINT `FK1company` FOREIGN KEY (`id_company`) REFERENCES `company` (`id`)
) ENGINE=InnoDB DEFAULT CHARSET=utf8 COMMENT='list of warehouses';

-- Dumping data for table invt_mb.warehouse: ~0 rows (approximately)
DELETE FROM `warehouse`;
/*!40000 ALTER TABLE `warehouse` DISABLE KEYS */;
/*!40000 ALTER TABLE `warehouse` ENABLE KEYS */;
/*!40014 SET FOREIGN_KEY_CHECKS=1 */;
/*!40101 SET CHARACTER_SET_CLIENT=@OLD_CHARACTER_SET_CLIENT */;
